business_name,website,public_phone,public_business_email,city,state
Longhorn Roofing,https://www.austinlonghornroofing.com/,,,Austin,TX
LOA Construction and Austin Roofing,https://www.loaconstruction.com/austin/,,,Austin,TX
Ace Roofing Company,https://aceroofingcompany.com/,,,Austin,TX
Islanders Roofing and Restoration,https://www.islandersroofingandrestoration.com/,,,Corpus Christi,TX
Clark Roofing & Construction,https://clarksroofingconstruction.com/,,,Lubbock,TX
Clark Roofing - Waco,https://www.clarkroofingtx.com/,,,Waco,TX
Flores Roofing & Construction,https://floresroofingandconstructionllc.com/,,,Waco,TX
XYZ Roofing and Restorations,https://xyzroofingandrestorations.com/brownsville-tx-roofing/,,,Brownsville,TX
Texas Roofing Brownsville,http://roofingbrownsville.com/,,,Brownsville,TX
Project One Roofing,https://projectoneroofing.com/roofing-tyler-whitehouse-tx,,,Tyler,TX
Professional Roofing & Restoration Contractor,https://www.stormguardrc.com/,,,Lubbock,TX
Dallas–Fort Worth,https://www.roofitco.com/,,,Garland,TX
Roof Repair,https://flagstoneroofing.com/,,,Killeen,TX
Thornton's,https://www.thorntonsroofingcompany.com/,,,Abilene,TX
Vantageroofings,https://vantageroofings.com/,,,Fort Worth,TX
Lonestarrac,https://lonestarrac.com/,,,Arlington,TX
Gorooftech,https://gorooftech.com/,,,Lubbock,TX
Alpineroofingconstruction,https://alpineroofingconstruction.com/,,,Irving,TX
Strittmatterroofing,https://strittmatterroofing.com/,,,Carrollton,TX
Dutchmarkcontractors,https://dutchmarkcontractors.com/,,,Beaumont,TX
Network,https://network.procore.com/,,,El Paso,TX
Cityof,https://cityof.com/,,,Corpus Christi,TX
Roofing Contractors Plano Tx,https://roofing-contractors-plano-tx.vercel.app/,,,Plano,TX
Namesandnumbers,https://namesandnumbers.com/,,,Lubbock,TX
Business,https://business.lubbockchamber.com/,,,Lubbock,TX
All Pro Roofing Grand Prairie,https://all-pro-roofing-grand-prairie.grandprairiedirect.us/,,,Grand Prairie,TX
Redlineroofing,https://redlineroofing.weebly.com/,,,McAllen,TX
Web,https://web.rcat.net/,,,Mesquite,TX
Local Roofers Midland Tx,https://local-roofers-midland-tx.rosevilleroofer.com/,,,Midland,TX
Business,https://business.midlandtxchamber.com/,,,Midland,TX
Locations,https://locations.becn.com/,,,Midland,TX
Abilene Tx,https://abilene-tx.testmi.in/,,,Abilene,TX
Business,https://business.abilenechamber.com/,,,Abilene,TX
Roof,https://roof.info/,,,Abilene,TX
Business,https://business.bmtcoc.org/,,,Beaumont,TX
Beaumontroofingservices,https://beaumontroofingservices.weebly.com/,,,Beaumont,TX
