business_name,website,public_phone,public_business_email,city,state,category,source_url
Moss Roofing Houston,https://mossroofinghouston.com/,(832) 840-8027,info@mossroofinghouston.com,Houston,TX,roofing contractor,https://mossroofinghouston.com/
Texas Certified Roofing,https://www.texascertifiedroofing.com/,(713) 781-8333,yogi@texascertifiedroofing.com,Houston,TX,roofing contractor,https://www.texascertifiedroofing.com/
Arnold Roofing & Construction,https://www.arnoldroofingandconstruction.com/,(832) 548-4010,arnoldroofingandconstruction@gmail.com,Houston,TX,roofing contractor,https://www.arnoldroofingandconstruction.com/
Southwestern Roofing,https://www.southwesternroof.com/contact,(281) 955-6014,southwesternroof@yahoo.com,Houston,TX,roofing contractor,https://www.southwesternroof.com/contact
Integris Roofing,https://integrisroofing.com/,(713) 714-5096,,Houston,TX,roofing contractor,https://integrisroofing.com/
Holland Roofing - Houston,https://www.hollandroofing.com/location/houston-texas/,(877) 491-6533,info@hollandroofing.com,Houston,TX,roofing contractor,https://www.hollandroofing.com/location/houston-texas/
Elevation Roofing & Restoration,https://elevationrr.com/,(832) 753-5775,info@elevationrr.com,Houston,TX,roofing contractor,https://elevationrr.com/
Rose Roofing,https://www.roseroofing.com/,(713) 849-5155,office@roseroofing.com,Houston,TX,roofing contractor,https://www.roseroofing.com/
State Roofing Company,https://www.stateroofingtexas.com/,(281) 293-7000,hello@stateroofingtexas.com,Houston,TX,roofing contractor,https://www.stateroofingtexas.com/
Monarch Roofing Houston,https://www.monarch-roofing.com/,(832) 215-0987,,Houston,TX,roofing contractor,https://www.monarch-roofing.com/
Advanced Roofing Solutions,https://www.advancedroofinghouston.com/,(832) 952-0907,,Houston,TX,roofing contractor,https://www.advancedroofinghouston.com/
Braun's Roofing,https://www.braunsroofing.com/,(713) 645-0505,,Houston,TX,roofing contractor,https://www.braunsroofing.com/
TrueWorks Roofing,https://trueworksroofing.com/,(713) 903-7663,hello@trueworksroofing.com,Houston,TX,roofing contractor,https://trueworksroofing.com/
T Rock Roofing & Contracting,https://dallasroofer.com/,(469) 931-9867,info@dallasroofer.com,Dallas,TX,roofing contractor,https://dallasroofer.com/
"Bert Roofing, Inc.",https://bertroofing.com/,(214) 321-9341,mail@bertroofing.com,Dallas,TX,roofing contractor,https://bertroofing.com/
Lon Smith Roofing,https://www.lonsmith.com/,(214) 221-1400,info@lonsmith.com,Dallas,TX,roofing contractor,https://www.lonsmith.com/
FW Walton Roofing - Dallas,https://waltonroofing.com/locations/dallas-tx/,(713) 674-9777,info@waltonroofing.com,Dallas,TX,roofing contractor,https://waltonroofing.com/locations/dallas-tx/
Holden Roofing,https://holdenroofing.com/contact-us/dallas-roofing/,(888) 553-1318,,Dallas,TX,roofing contractor,https://holdenroofing.com/contact-us/dallas-roofing/
Arrington Roofing,https://arringtonroofing.com/contact,(214) 698-8443,info@arringtonroofing.com,Dallas,TX,roofing contractor,https://arringtonroofing.com/contact
Priority Roofing,https://priorityroofs.com/location/dallas/,(469) 615-8193,office@priorityroofs.com,Dallas,TX,roofing contractor,https://priorityroofs.com/location/dallas/
Firefighter Roofing,https://firefighterroofing.com/,(972) 587-0514,,Dallas,TX,roofing contractor,https://firefighterroofing.com/
Medranos Roofing DFW,https://www.medranoroofingdfw.com/,(214) 675-9832,,Dallas,TX,roofing contractor,https://www.medranoroofingdfw.com/
KPost Roofing & Waterproofing,https://kpostcompany.com/,(972) 910-8777,,Dallas,TX,roofing contractor,https://kpostcompany.com/
Dane Roofing,https://www.danesroofing.com/,(469) 585-3263,kelly@danesroofing.com,Dallas,TX,roofing contractor,https://www.danesroofing.com/
"Bold Roofing Company, Inc.",https://boldroofing.com/,(972) 380-9300,,Dallas,TX,roofing contractor,https://boldroofing.com/contact-us/
Jamar Roofing,https://jamarroofing.com/,(512) 441-8437,,Austin,TX,roofing contractor,https://jamarroofing.com/
Longhorn Roofing,https://www.austinlonghornroofing.com/,,,Austin,TX,roofing contractor,https://www.austinlonghornroofing.com/
Greater Austin Roofing,https://greateraustinroofing.com/,(512) 945-1205,,Austin,TX,roofing contractor,https://greateraustinroofing.com/
LOA Construction and Austin Roofing,https://www.loaconstruction.com/austin/,,,Austin,TX,roofing contractor,https://www.loaconstruction.com/austin/
Tarrant Roofing - Austin,https://tarrantroofing.com/austin-tx-roofing-services/roofing-company-austin-texas/,(817) 571-7809,,Austin,TX,roofing contractor,https://tarrantroofing.com/austin-tx-roofing-services/roofing-company-austin-texas/
Cool Roofs - Austin,https://coolroofs.co/location/austin/,(512) 980-1297,team@coolroofs.co,Austin,TX,roofing contractor,https://coolroofs.co/location/austin/
Precision Roof Crafters,https://precisionroofcrafters.com/,(877) 366-2192,,Austin,TX,roofing contractor,https://precisionroofcrafters.com/
Wilson Roofing,https://wilsonroofing.com/,(512) 263-3157,info@wilsonroofing.com,Austin,TX,roofing contractor,https://wilsonroofing.com/
Ace Roofing Company,https://aceroofingcompany.com/,,,Austin,TX,roofing contractor,https://aceroofingcompany.com/
Cloud Roofing,https://www.cloudroofing.com/,(210) 366-9484,info@cloudroofing.com,San Antonio,TX,roofing contractor,https://www.cloudroofing.com/
Rhino Roofers,https://rhinoroofers.com/,(210) 361-7663,,San Antonio,TX,roofing contractor,https://rhinoroofers.com/
Texas Family Roofing,https://texasfamilyroofing.com/,(512) 812-7900,,San Antonio,TX,roofing contractor,https://texasfamilyroofing.com/
Tower Roofing,https://tower-roofing.com/,(210) 313-0168,,San Antonio,TX,roofing contractor,https://tower-roofing.com/
Dolan Roofing & Construction,https://www.dolanroofing.com/,(210) 465-1757,,San Antonio,TX,roofing contractor,https://www.dolanroofing.com/
Reveille Roofing,https://reveilleroofing.com/,(333) 333-3333,,San Antonio,TX,roofing contractor,https://reveilleroofing.com/
Stephens Roofing & Remodeling,https://www.stephensroofing.net/,(210) 785-0994,,San Antonio,TX,roofing contractor,https://www.stephensroofing.net/
Davis Roofing Solutions,https://davisroofingsolutions.com/,(817) 857-7663,frontdesk@davisroofingsolutions.com,Fort Worth,TX,roofing contractor,https://davisroofingsolutions.com/
Good Contractors Roofing and Restoration,https://goodcontractorsroofing.com/,(682) 842-7663,,Fort Worth,TX,roofing contractor,https://goodcontractorsroofing.com/
CLC Roofing,https://fortworthroofing.net/,(817) 670-5906,info@clcroofing.com,Fort Worth,TX,roofing contractor,https://fortworthroofing.net/
Ramon Roofing,https://www.ramonroofing.com/,(817) 924-1645,estimates@ramonroofing.com,Fort Worth,TX,roofing contractor,https://www.ramonroofing.com/
Veritas Roofing,https://www.veritasroofingtx.com/,(817) 455-0117,,Fort Worth,TX,roofing contractor,https://www.veritasroofingtx.com/
Texas Builders Inc.,https://texasbuildersinc.com/,(817) 928-4909,info@texasbuildersinc.com,Fort Worth,TX,roofing contractor,https://texasbuildersinc.com/
El Paso Roofing Co.,https://elpasoroofingco.com/,(915) 691-2723,,El Paso,TX,roofing contractor,https://elpasoroofingco.com/
Caliber Roofing & Construction,https://caliber-roofing.com/,(915) 615-1527,info@caliber-roofing.com,El Paso,TX,roofing contractor,https://caliber-roofing.com/
Red Rhino Roofing,https://redrhinoroofingept.com/,(915) 801-8691,casey@redrhinoroofingept.com,El Paso,TX,roofing contractor,https://redrhinoroofingept.com/
A&M Roofing El Paso,https://www.amroofingelpaso.com/,(915) 342-2000,,El Paso,TX,roofing contractor,https://www.amroofingelpaso.com/
Mann & Sons Roofing,https://www.mannandsonsroofing.com/,(817) 937-0498,shawn@mannandsonsroofing.com,El Paso,TX,roofing contractor,https://www.mannandsonsroofing.com/
AAAA Contractors and Roofing,https://aaaacontractors.com/contact/,(915) 852-3104,,El Paso,TX,roofing contractor,https://aaaacontractors.com/contact/
Escandon Roofing Inc.,https://www.escandonroofinginc.com/,(501) 960-7843,,El Paso,TX,roofing contractor,https://www.escandonroofinginc.com/
Texas State Roofing,https://texasstateroofing.com/,(361) 884-7663,,Corpus Christi,TX,roofing contractor,https://texasstateroofing.com/
Area Roofing Co.,https://www.arearoofingco.com/,(361) 225-2755,arearoofing@yahoo.com,Corpus Christi,TX,roofing contractor,https://www.arearoofingco.com/
Mammoth Construction,https://mammothconstruction.net/,(361) 876-2722,info@mammothconstruction.net,Corpus Christi,TX,roofing contractor,https://mammothconstruction.net/
Pinnacle Roofing Systems,https://pinnacleroofingcc.com/,(361) 887-0599,,Corpus Christi,TX,roofing contractor,https://pinnacleroofingcc.com/
Galvan Roofing and Construction,https://www.galvanroofingtx.com/,(361) 444-5606,,Corpus Christi,TX,roofing contractor,https://www.galvanroofingtx.com/
Islanders Roofing and Restoration,https://www.islandersroofingandrestoration.com/,,,Corpus Christi,TX,roofing contractor,https://www.islandersroofingandrestoration.com/
Bayfront Roofing,https://bayfrontroofing.com/,(214) 748-2999,,Corpus Christi,TX,roofing contractor,https://bayfrontroofing.com/
Quick Roofing - Lubbock,https://www.quickroofing.com/lubbock-tx/,(888) 810-1002,,Lubbock,TX,roofing contractor,https://www.quickroofing.com/lubbock-tx/
BlueRidge Roofing & Construction,https://www.blueridgeroof.com/,(806) 341-9438,,Lubbock,TX,roofing contractor,https://www.blueridgeroof.com/
"Dave's Roofing, Siding, and Metal Buildings",https://www.davesroofing.net,(314) 192-5352,user@domain.com,Lubbock,TX,roofing contractor,https://www.davesroofing.net
Clark Roofing & Construction,https://clarksroofingconstruction.com/,,,Lubbock,TX,roofing contractor,https://clarksroofingconstruction.com/
G.G.C. Roofing and Remodeling,https://www.hugedomains.com/domain_profile.cfm?d=ggcroofing.com,(303) 893-0552,,Lubbock,TX,roofing contractor,https://www.ggcroofing.com/
Cen-Tex Roof Systems,https://www.centexrs.com/,(254) 535-2419,,Waco,TX,roofing contractor,https://www.centexrs.com/
Texas Built Roofing,https://www.texasbuiltroofing.com/,(254) 717-2736,lee@texasbuiltroofing.com,Waco,TX,roofing contractor,https://www.texasbuiltroofing.com/
"Honey's Roofing, LLC",https://honeysroofingllc.com/,(254) 662-9900,,Waco,TX,roofing contractor,https://honeysroofingllc.com/
Clark Roofing - Waco,https://www.clarkroofingtx.com/,,,Waco,TX,roofing contractor,https://www.clarkroofingtx.com/
Waco Roofing Guys,https://wacoroofingguys.com/,(254) 749-0319,hello@wacoroofingguys.com,Waco,TX,roofing contractor,https://wacoroofingguys.com/
Western Roof Company,https://westernroofco.com/,(254) 644-0606,sales@westernroofco.com,Waco,TX,roofing contractor,https://westernroofco.com/
Flores Roofing & Construction,https://floresroofingandconstructionllc.com/,,,Waco,TX,roofing contractor,https://floresroofingandconstructionllc.com/
Pahmiyer Roofing & Construction,https://texasroofmaster.com/,(254) 755-7663,info@texasroofmaster.com,Waco,TX,roofing contractor,https://texasroofmaster.com/
McAllen Valley Roofing Co.,https://www.mcallenvalleyroofing.com/,(956) 279-8292,,McAllen,TX,roofing contractor,https://www.mcallenvalleyroofing.com/
Vega Roofing,https://vegaroofing.com/,(956) 686-4921,,McAllen,TX,roofing contractor,https://vegaroofing.com/
Castillo Roofing - McAllen,https://castillotx.com/mcallen/,(956) 264-2477,,McAllen,TX,roofing contractor,https://castillotx.com/mcallen/
Bison Roofing - McAllen,https://bisonroofing.net/best-roofing-company-in-mcallen-tx/,(210) 888-9646,info@bisonroofing.net,McAllen,TX,roofing contractor,https://bisonroofing.net/best-roofing-company-in-mcallen-tx/
Remedy Roofing - Rio Grande Valley,https://remedyroofing.com/locations/rio-grande-valley/,(888) 451-3361,customerservice@remedyroofing.com,McAllen,TX,roofing contractor,https://remedyroofing.com/locations/rio-grande-valley/
Castro Roofing,https://castroroofs.com/,(956) 739-6862,alberto.castro.roofing@gmail.com,McAllen,TX,roofing contractor,https://castroroofs.com/
Brownsville Roofing,https://www.brownsville-roofing.com/,(956) 431-0251,,Brownsville,TX,roofing contractor,https://www.brownsville-roofing.com/
Owen Roofing LLC,https://www.owenroofingco.com/,(254) 535-2419,,Brownsville,TX,roofing contractor,https://www.owenroofingco.com/
Pride Roofing Xperts,https://prideroofingxperts.com/,(202) 408-0514,,Brownsville,TX,roofing contractor,https://prideroofingxperts.com/
XYZ Roofing and Restorations,https://xyzroofingandrestorations.com/brownsville-tx-roofing/,,,Brownsville,TX,roofing contractor,https://xyzroofingandrestorations.com/brownsville-tx-roofing/
Texas Roofing Brownsville,http://roofingbrownsville.com/,,,Brownsville,TX,roofing contractor,http://roofingbrownsville.com/
West Texas Roofing,https://westtexasroofing.com/,(806) 359-7663,info@westtexasroofing.com,Amarillo,TX,roofing contractor,https://westtexasroofing.com/
Kelley Roofing,https://kelleyroofingamarillo.com/,(806) 463-7910,,Amarillo,TX,roofing contractor,https://kelleyroofingamarillo.com/
Andrus Brothers Roofing,https://andrusbrothersroofing.com/,(806) 359-5409,,Amarillo,TX,roofing contractor,https://andrusbrothersroofing.com/
All Star Sheet Metal & Roofing,https://amarillotxroofing.com/,(806) 372-6621,,Amarillo,TX,roofing contractor,https://amarillotxroofing.com/
Pristine Roofing and Construction,https://www.pristineroof.com/,(806) 557-0060,hello@pristineroof.com,Amarillo,TX,roofing contractor,https://www.pristineroof.com/
Rhynehart Roofing,https://www.rhynehart.com/,(806) 622-0090,,Amarillo,TX,roofing contractor,https://www.rhynehart.com/
Chappell Roofing,https://chappellroofing.com/,(432) 312-8705,,Midland,TX,roofing contractor,https://chappellroofing.com/
Basin Roofing & Construction,https://basinroofing.com/,(800) 338-2063,info@basinroofing.com,Midland,TX,roofing contractor,https://basinroofing.com/
"Charles Terry Construction, Inc.",https://www.charlesterryconstruction.com/,(432) 520-6943,office@charlesterryconstruction.biz,Midland,TX,roofing contractor,https://www.charlesterryconstruction.com/
Roofs By Nicholas,https://www.roofsbynicholas.com/,(432) 520-7348,roofsbynicholas1@gmail.com,Midland,TX,roofing contractor,https://roofsbynicholas.com/
Lydick-Hooks Roofing Co. of Midland,https://lydickhooks.com/,(432) 520-7718,midland@lydickhooks.com,Midland,TX,roofing contractor,https://www.lydickhooks.com/
Project One Roofing,https://projectoneroofing.com/roofing-tyler-whitehouse-tx,,,Tyler,TX,roofing contractor,https://projectoneroofing.com/roofing-tyler-whitehouse-tx
Sky High Roofing,https://www.skyhighroofingtyler.com/,(254) 535-2419,,Tyler,TX,roofing contractor,https://www.skyhighroofingtyler.com/
Estes Roofing,https://estesroofingtx.com/,(903) 707-2219,,Tyler,TX,roofing contractor,https://estesroofingtx.com/
ASAP Roofing,https://asaproofing.com/,(903) 363-9160,,Tyler,TX,roofing contractor,https://asaproofing.com/
Roofers in,https://allovertxroofing.com/,(281) 846-6665,,Houston,TX,roofing contractor,https://allovertxroofing.com/
Residential &,https://www.hargroveroofing.com/,(888) 415-2299,,Houston,TX,roofing contractor,https://hargroveroofing.com/
Reliable Pearland,https://shieldroofers.com/,(855) 880-7663,,Houston,TX,roofing contractor,https://shieldroofers.com/
Roofing Contractors,http://www.roofingcontractorshouston.com/,(281) 940-4525,,Houston,TX,roofing contractor,https://roofingcontractorshouston.com/
Houston Strong Roofing,https://houstonstrongroofing.com/,(832) 271-7783,,Houston,TX,roofing contractor,https://houstonstrongroofing.com/
Linear Roofing General Contractors,https://linearroofing.com/,(888) 424-8280,,Houston,TX,roofing contractor,https://linearroofing.com/
Roofingtexas,https://roofingtexas.com/,(409) 945-6920,info@roofingtexas.com,Houston,TX,roofing contractor,https://roofingtexas.com/
TeamCraft Commercial and Industrial,https://www.tcrfg.com/,(161) 793-2508,,Houston,TX,roofing contractor,https://tcrfg.com/
Roofing Contractor,https://texanroofinginc.com/,(281) 391-9600,,Houston,TX,roofing contractor,https://texanroofinginc.com/
Commercial and Industrial,https://www.centimark.com/,(855) 483-1975,,Houston,TX,roofing contractor,https://centimark.com/
Home Page,https://houstonroofingcontractor.com/,(713) 952-3400,admin@agshouston.com,Houston,TX,roofing contractor,https://houstonroofingcontractor.com/
Craddock Roofing,https://www.craddockroofing.com/,(713) 465-8090,admin@craddockroofing.com,Houston,TX,roofing contractor,https://craddockroofing.com/
GAF 3-Star President’s Club,https://brinkmannquality.com/,(281) 480-7663,info@brinkmannquality.com,Houston,TX,roofing contractor,https://brinkmannquality.com/
"Commercial Roofing, Residential Roofing, and Gutters and Carpentry in the Greater",https://houstonroofingngutters.com/,(832) 568-3400,,Houston,TX,roofing contractor,https://houstonroofingngutters.com/
Paramount Roofing,https://paramountroofing.com/,(713) 748-4000,,Houston,TX,roofing contractor,https://paramountroofing.com/
Houston Roofing,https://houstonroofingonline.com/,(832) 237-3737,info@myhrc.biz,Houston,TX,roofing contractor,https://houstonroofingonline.com/
Roofing and Roof Repairs,https://www.infinityroofer.com/,(281) 990-4997,,Houston,TX,roofing contractor,https://infinityroofer.com/
Roofer,https://rooferhouston.net/,(713) 597-7117,,Houston,TX,roofing contractor,https://rooferhouston.net/
Roof,https://mysuperroofer.com/,(832) 707-9085,info@mysuperroofer.com,Houston,TX,roofing contractor,https://mysuperroofer.com/
Roofers Near,https://1stchoiceroofs.com/,(281) 378-2431,leads@1stchoiceroofs.com,Houston,TX,roofing contractor,https://1stchoiceroofs.com/
Residential Roofing,https://www.dobsoncontractors.com/,(972) 992-5019,,Dallas,TX,roofing contractor,https://dobsoncontractors.com/
Roofer,https://thedallasroofers.com/,(469) 812-8500,,Dallas,TX,roofing contractor,https://thedallasroofers.com/
IntegriBuilt Roofing,https://integribuiltroofing.com/,(972) 505-2800,,Dallas,TX,roofing contractor,https://integribuiltroofing.com/
Dallas #1,https://www.m-troofing.com/,(214) 388-4871,,Dallas,TX,roofing contractor,https://m-troofing.com/
New View Roofing,https://newviewroofing.com/,(469) 232-7220,info@newviewroofing.com,Dallas,TX,roofing contractor,https://newviewroofing.com/
Trusted DFW & Rockwall,https://johnsroofingdfw.com/,(469) 394-4386,,Dallas,TX,roofing contractor,https://johnsroofingdfw.com/
ROOFING COMPANY,https://www.rubinskyroofing.com/,(833) 876-6346,,Dallas,TX,roofing contractor,https://rubinskyroofing.com/
Dallas,https://acornroof.com/,(214) 437-7353,,Dallas,TX,roofing contractor,https://acornroof.com/
Nations Roof:,https://nationsroof.com/,(175) 603-9588,,Dallas,TX,roofing contractor,https://nationsroof.com/
Texas Vets Roofing,https://texasvetsroofing.com/,(972) 288-7663,,Dallas,TX,roofing contractor,https://texasvetsroofing.com/
Home,https://weroofdallas.com/,(972) 600-8259,,Dallas,TX,roofing contractor,https://weroofdallas.com/
Klaus Roofing Systems Provides Expert Roof Repairs & New Roof Installations,https://www.klausroofingsystems.com/,(866) 365-2074,,Dallas,TX,roofing contractor,https://klausroofingsystems.com/
Austin,https://austinroofingandwaterdamage.com/,(512) 820-6505,bradfarr@rocketmail.com,Austin,TX,roofing contractor,https://austinroofingandwaterdamage.com/
Kidd Roofing,https://www.kiddroof.com/,(866) 671-7791,,Austin,TX,roofing contractor,https://kiddroof.com/
Austin,https://j-connroofing.com/,(512) 479-0510,info@j-connroofing.com,Austin,TX,roofing contractor,https://j-connroofing.com/
Roofsandexteriors,https://roofsandexteriors.com/,(512) 686-7115,gw@roofsandexteriors.com,Austin,TX,roofing contractor,https://roofsandexteriors.com/
Comanche Roofing,https://www.comancheroofing.com/,(512) 796-9175,,Austin,TX,roofing contractor,https://comancheroofing.com/
Austin,https://amproofing.com/,(512) 675-3323,,Austin,TX,roofing contractor,https://amproofing.com/
Local & Affordable,https://fultsroofing.com/,(512) 383-5133,,Austin,TX,roofing contractor,https://fultsroofing.com/
The Most Trusted,https://bluehammerroofing.com/,(844) 426-6375,info@bluehammerroofing.com,Austin,TX,roofing contractor,https://bluehammerroofing.com/
Austin,https://transcendentroofing.com/,(512) 387-8448,,Austin,TX,roofing contractor,https://transcendentroofing.com/
Central Texas Roofing,https://arkroofer.com/,(512) 948-1638,,Austin,TX,roofing contractor,https://arkroofer.com/
Texas,https://texasroofrepair.com/,(512) 994-4142,,Austin,TX,roofing contractor,https://texasroofrepair.com/
Texas Professional Roofing,https://texasprofessionalroofing.com/,(512) 910-4110,office@txproroofs.com,Austin,TX,roofing contractor,https://texasprofessionalroofing.com/
Roofing Contractor,https://texasroofers.com/,(877) 977-0277,,Austin,TX,roofing contractor,https://texasroofers.com/
Austin,https://acuraroofing.com/,(512) 280-6875,,Austin,TX,roofing contractor,https://acuraroofing.com/
Roofing Contractor In,https://rooftoproofingandremodelingllc.com/,(210) 310-5543,roofing@rooftoproofingandremodelingllc.com,San Antonio,TX,roofing contractor,https://rooftoproofingandremodelingllc.com/
Presidio,https://presidioroof.com/,(210) 899-5600,,San Antonio,TX,roofing contractor,https://presidioroof.com/
Roofing Contractor,https://www.stormroofing.com/,(210) 366-0781,storm1tx@gmail.com,San Antonio,TX,roofing contractor,https://stormroofing.com/
#1 Trusted,https://www.santexroofing.com/,(210) 520-9487,,San Antonio,TX,roofing contractor,https://santexroofing.com/
Home,https://sanantoniotxroof.repair/,(210) 505-0070,,San Antonio,TX,roofing contractor,https://sanantoniotxroof.repair/
Roofing Company in,https://rolandsroofing.com/,(210) 543-7663,rolands.roofing1970@gmail.com,San Antonio,TX,roofing contractor,https://rolandsroofing.com/
San Antonio,https://www.yurasroofing.com/,(210) 651-9249,,San Antonio,TX,roofing contractor,https://yurasroofing.com/
Residential Roofing Company,https://www.twinhammersroofing.com/,(210) 650-2090,,San Antonio,TX,roofing contractor,https://twinhammersroofing.com/
Integrity Roofing & Siding,https://integritysa.com/,(210) 340-7663,info@integritysa.com,San Antonio,TX,roofing contractor,https://integritysa.com/
Alexander's Roofing: Expert,https://www.alexandersroofing.com/,(210) 436-1135,alexandersroofing@live.com,San Antonio,TX,roofing contractor,https://alexandersroofing.com/
San Antonio,https://bondocroofing.com/,(210) 896-3209,,San Antonio,TX,roofing contractor,https://bondocroofing.com/
Ideal Precision Roofing:,https://idealprecisionroofing.com/,(210) 485-1553,michael@idealroofer.com,San Antonio,TX,roofing contractor,https://idealprecisionroofing.com/
Home,https://rooferchicks.com/,(830) 254-5155,,San Antonio,TX,roofing contractor,https://rooferchicks.com/
Home,https://www.fireguysroofing.com/,(817) 703-5271,fireguysroofing@yahoo.com,Fort Worth,TX,roofing contractor,https://fireguysroofing.com/
Home,https://tarrantcountyroofing.net/,(817) 583-3691,info@tarrantcountyroofing.net,Fort Worth,TX,roofing contractor,https://tarrantcountyroofing.net/
Premier,https://joehallroofing.com/,(817) 274-6777,,Fort Worth,TX,roofing contractor,https://joehallroofing.com/
Storm Damage,https://txdroofing.com/,(817) 775-3540,,Fort Worth,TX,roofing contractor,https://txdroofing.com/
Roofing and Renovation Experts of Richardson Texas,https://hometownroofinginc.net/,(972) 848-8888,hometownroofingoftexas@gmail.com,Fort Worth,TX,roofing contractor,https://hometownroofinginc.net/
Patrick's Roofing LLC,https://www.patricksroofing.com/,(817) 528-2991,patrickm434369@gmail.com,Fort Worth,TX,roofing contractor,https://patricksroofing.com/
Securedroofingftworth,https://securedroofingftworth.com/,(817) 217-6059,,Fort Worth,TX,roofing contractor,https://securedroofingftworth.com/
Home,https://waterscr.com/,(817) 353-6106,donniewaters@att.net,Fort Worth,TX,roofing contractor,https://waterscr.com/
Roofing Company in Dallas TX,https://qualisgc.com/,(972) 284-7827,,Fort Worth,TX,roofing contractor,https://qualisgc.com/
Roof Source,https://roofsourcedfw.com/,(817) 615-9971,,Fort Worth,TX,roofing contractor,https://roofsourcedfw.com/
Apple Roofing,https://appleroof.com/,(913) 676-7206,info@appleroof.com,Fort Worth,TX,roofing contractor,https://appleroof.com/
Roofing,https://ferrisroofing.com/,(817) 595-0500,,Fort Worth,TX,roofing contractor,https://ferrisroofing.com/
Home,https://goldladderroofing.com/,(915) 491-4609,goldladderroofing@gmail.com,El Paso,TX,roofing contractor,https://goldladderroofing.com/
America's Top,https://www.tectaamerica.com/,(847) 581-3888,info@tectaamerica.com,El Paso,TX,roofing contractor,https://tectaamerica.com/
Home,https://metalroofingelpasotx.net/,(915) 900-6976,,El Paso,TX,roofing contractor,https://metalroofingelpasotx.net/
Townsquare Interactive,https://apacheroofingcompany.com/,,clients@townsquareinteractive.com,El Paso,TX,roofing contractor,https://apacheroofingcompany.com/
Roofing Company in,https://www.smithandramirezroofing.com/,(915) 900-2988,,El Paso,TX,roofing contractor,https://smithandramirezroofing.com/
El Paso,https://www.dependableroofingep.com/,(915) 755-3038,dependableroofing30@gmail.com,El Paso,TX,roofing contractor,https://dependableroofingep.com/
Residential & Commercial Contractor,https://elpasoroofings.com/,(915) 691-0532,makconstruction.us@gmail.com,El Paso,TX,roofing contractor,https://elpasoroofings.com/
Escalante Roofing & Construction,https://escalanteroofing.com/,(915) 860-2672,,El Paso,TX,roofing contractor,https://escalanteroofing.com/
Home,https://irgoroofing.com/,(915) 777-1443,info@irgoroofing.com,El Paso,TX,roofing contractor,https://irgoroofing.com/
Weeks,https://weeksroofing.com/,(915) 533-7004,info@weeksroofing.com,El Paso,TX,roofing contractor,https://weeksroofing.com/
"RL Roofing Systems and Construction, LLC",https://www.rlroofingsystems.com/,(915) 727-5406,rlroofingsystems@yahoo.com,El Paso,TX,roofing contractor,https://rlroofingsystems.com/
El Paso,https://donerightroofingandconstruction.com/,(915) 412-0525,mannyramirez0309@gmail.com,El Paso,TX,roofing contractor,https://donerightroofingandconstruction.com/
Mighty Dog Roofing,https://www.mightydogroofing.com/,(844) 942-4081,help@mightydogroofing.com,El Paso,TX,roofing contractor,https://mightydogroofing.com/
Certified Commercial,https://rivasroofingep.com/,(915) 861-8354,,El Paso,TX,roofing contractor,https://rivasroofingep.com/
Roofers,https://rooferselpaso.com/,(915) 820-5483,,El Paso,TX,roofing contractor,https://rooferselpaso.com/
Roofing Company,https://mountainstarroofing.com/,(915) 881-4446,info@mountainstarroofing.com,El Paso,TX,roofing contractor,https://mountainstarroofing.com/
"Roofing Services, Roof Installation",https://rhinoroofingep.com/,(915) 275-5120,915.rhino.roofing@gmail.com,El Paso,TX,roofing contractor,https://rhinoroofingep.com/
El Paso,https://roofsolutionsandconstruction.com/,(915) 691-7800,,El Paso,TX,roofing contractor,https://roofsolutionsandconstruction.com/
dmroofingep.com,https://dmroofingep.com/,,kl@.a1.ly,El Paso,TX,roofing contractor,https://dmroofingep.com/
Rescue Roofing Texas ⋆ Rescue Roofing Texas,https://rescueroofingtexas.com/,(817) 550-7271,,Arlington,TX,roofing contractor,https://rescueroofingtexas.com/
Trusted,https://swatroofing.com/,(817) 501-8660,,Arlington,TX,roofing contractor,https://swatroofing.com/
Arlington's #1 Residential & Commercial,https://arlingtontxroofers.com/,(817) 631-6191,,Arlington,TX,roofing contractor,https://arlingtontxroofers.com/
Residential and,https://www.legacyroofinggc.com/,(972) 362-6521,info@legacyroofinggc.com,Arlington,TX,roofing contractor,https://legacyroofinggc.com/
Roofing Contractor North Texas,https://www.banner-roofing.com/,(682) 207-1586,,Arlington,TX,roofing contractor,https://banner-roofing.com/
Arlington Roofing Companies In Arlington TX 817-265-5520,https://johnwaderoofing.com/,(817) 265-5520,john@johnwaderoofing.com,Arlington,TX,roofing contractor,https://johnwaderoofing.com/
Arlington,https://www.frazierservices.com/,(817) 677-6664,,Arlington,TX,roofing contractor,https://frazierservices.com/
Expert Roof Specialist for Your Roof,https://rhinoroofingco.com/,(469) 943-4995,,Arlington,TX,roofing contractor,https://rhinoroofingco.com/
Parker County,https://lonestarroofingandrestoration.com/,(682) 302-0707,office@lonestarrandr.com,Arlington,TX,roofing contractor,https://lonestarroofingandrestoration.com/
Licensed Roofer,https://trinityroofingconstruction.com/,(866) 465-9530,info@trinityroofingconstruction.com,Arlington,TX,roofing contractor,https://trinityroofingconstruction.com/
"Roofing Company in Lewisville, TX",https://www.pineapplecontractors.com/,(972) 928-0788,,Arlington,TX,roofing contractor,https://pineapplecontractors.com/
Roof,https://bestchoiceroofing.com/,,yournewroof@bestchoiceroofing.com,Arlington,TX,roofing contractor,https://bestchoiceroofing.com/
Home,https://jonwrightindustries.com/,(972) 251-1818,estimates@jonwrightindustries.com,Arlington,TX,roofing contractor,https://jonwrightindustries.com/
"Roofing Services Alvord, TX",https://www.matthewsroofingllc.com/,(940) 627-0107,,Arlington,TX,roofing contractor,https://matthewsroofingllc.com/
Quality Tops Roofing,https://qualitytopsroofing.com/,(817) 469-8677,info@qualitytopsroofing.com,Arlington,TX,roofing contractor,https://qualitytopsroofing.com/
Jenkins Roofing,https://jenkinsroofing.com/,(817) 886-6710,info@jenkinsroofing.com,Arlington,TX,roofing contractor,https://jenkinsroofing.com/
"Roofing Company, Roofing Contractor",https://myrooftop101.com/,(361) 400-5400,,Corpus Christi,TX,roofing contractor,https://myrooftop101.com/
Same-Day,https://www.lighthouseroofingcompany.com/,(361) 214-7447,,Corpus Christi,TX,roofing contractor,https://lighthouseroofingcompany.com/
Home,https://buffaloroofingandexteriors.com/,(361) 291-4991,buffaloroofingandexteriors@gmail.com,Corpus Christi,TX,roofing contractor,https://buffaloroofingandexteriors.com/
Expert,https://bramirezroofing.com/,(361) 688-9086,info@bramirezroofing.com,Corpus Christi,TX,roofing contractor,https://bramirezroofing.com/
Roofing Contractors in Texas,https://phillipsroof.com/,(361) 815-3866,jeremy@phillipsroof.com,Corpus Christi,TX,roofing contractor,https://phillipsroof.com/
Home,https://www.josephmill.com/,(225) 500-1444,cs23@josephmill.com,Corpus Christi,TX,roofing contractor,https://josephmill.com/
Home,https://berrymanroof.com/,(361) 994-0342,support@berrymanroof.com,Corpus Christi,TX,roofing contractor,https://berrymanroof.com/
Wolfe Roofing Inc,https://www.wolferoofingcc.com/,(361) 949-1180,,Corpus Christi,TX,roofing contractor,https://wolferoofingcc.com/
Residential Roofing & Basement Waterproofing,https://eriehome.com/,(800) 998-8301,,Corpus Christi,TX,roofing contractor,https://eriehome.com/
Roofing Company,https://www.gillroofingcoinc.com/,(361) 882-8862,darlene@gillroofingcoinc.com,Corpus Christi,TX,roofing contractor,https://gillroofingcoinc.com/
ALLEYCAT ROOFING,https://alleycatroofing.com/,(361) 290-7055,info@alleycatroofing.com,Corpus Christi,TX,roofing contractor,https://alleycatroofing.com/
Home,https://coastalroofingandconstruction.com/,(361) 290-7879,,Corpus Christi,TX,roofing contractor,https://coastalroofingandconstruction.com/
No. 1,https://dynroofing.com/,(972) 422-4500,,Plano,TX,roofing contractor,https://dynroofing.com/
The Leading,https://www.texasstarroofing.com/,(972) 509-7570,,Plano,TX,roofing contractor,https://texasstarroofing.com/
Triumph Roofing,https://www.triumphroofing.net/,(972) 332-1766,info@triumphroofing.net,Plano,TX,roofing contractor,https://triumphroofing.net/
Local & Family Owned,https://roofwhiterock.com/,(972) 362-9647,,Plano,TX,roofing contractor,https://roofwhiterock.com/
"Plano, TX",https://helsleyroofing.com/,(972) 578-8982,,Plano,TX,roofing contractor,https://helsleyroofing.com/
Trusted,https://infiniteroofing.com/,(469) 300-5400,inquiries@infiniteroofinggcllc.com,Plano,TX,roofing contractor,https://infiniteroofing.com/
Commercial Roofing Contractor In,https://gmroofingservices.com/,(214) 838-7506,info@gmroofingservices.com,Plano,TX,roofing contractor,https://gmroofingservices.com/
Home,https://blessedroof.com/,(214) 471-0756,,Plano,TX,roofing contractor,https://blessedroof.com/
Plano TX,https://greenleaf-roofing.com/,(972) 379-9109,info@greenleaf-roofing.com,Plano,TX,roofing contractor,https://greenleaf-roofing.com/
Pickle Roofing Solutions,https://pickleroofing.com/,(972) 954-7186,,Plano,TX,roofing contractor,https://pickleroofing.com/
Roofing Company,https://dwellroofing.com/,(972) 994-6386,,Plano,TX,roofing contractor,https://dwellroofing.com/
Roofing Contractor,https://3kingsroofing.com/,(833) 314-7663,dustin@3kingsroofing.com,Plano,TX,roofing contractor,https://3kingsroofing.com/
Plano,https://www.pappasroofingandconstruction.com/,(972) 806-9791,,Plano,TX,roofing contractor,https://pappasroofingandconstruction.com/
Quality Roofing Installation in Flint,https://www.badbearroofing.com/,(903) 363-4140,,Plano,TX,roofing contractor,https://badbearroofing.com/
Home,https://roofscapesdfw.com/,(972) 333-8872,roofscapesdfw@gmail.com,Plano,TX,roofing contractor,https://roofscapesdfw.com/
Olympic Exteriors,https://olympic-exteriors.com/,(214) 444-4141,,Plano,TX,roofing contractor,https://olympic-exteriors.com/
Results Roofing,https://resultsroofing.com/,(214) 301-5533,info@resultsroofing.com,Plano,TX,roofing contractor,https://resultsroofing.com/
Roofing in,https://www.eagleroofingdfw.com/,(214) 952-0983,,Plano,TX,roofing contractor,https://eagleroofingdfw.com/
Best,https://www.peakroofingconstruction.com/,(972) 335-7325,,Plano,TX,roofing contractor,https://peakroofingconstruction.com/
Andrus Brothers Roofing,https://andrusbrothers.com/,(806) 798-7663,,Lubbock,TX,roofing contractor,https://andrusbrothers.com/
Lubbock,https://kincaidroofing.com/,(167) 476-1495,contact@kincaidroofing.com,Lubbock,TX,roofing contractor,https://kincaidroofing.com/
Candor Construct & Roofing,https://www.candorconstructandroofing.com/,(833) 522-6367,contact@candorconstruct.com,Lubbock,TX,roofing contractor,https://candorconstructandroofing.com/
Valdez Roofing,https://valdezroofingco.com/,(806) 680-2671,,Lubbock,TX,roofing contractor,https://valdezroofingco.com/
RoofClaim,https://roofclaim.com/,(770) 999-0095,media@roofclaim.com,Lubbock,TX,roofing contractor,https://roofclaim.com/
Forster Construction,https://forsterconstruction.com/,(806) 794-5600,forsterconstruction@hotmail.com,Lubbock,TX,roofing contractor,https://forsterconstruction.com/
Roofing Repair and,https://nobleroofteam.com/,(888) 419-8670,contact@nobleroofteam.com,Lubbock,TX,roofing contractor,https://nobleroofteam.com/
Lubbock,https://abfroofinglubbock.com/,(806) 863-3626,,Lubbock,TX,roofing contractor,https://abfroofinglubbock.com/
Commercial Roofing & Roof Design,https://hp-roofing.com/,(806) 686-7244,,Lubbock,TX,roofing contractor,https://hp-roofing.com/
Roofing Contractor Dallas TX,https://roofexperts.com/,(469) 936-7663,info@roofexperts.com,Lubbock,TX,roofing contractor,https://roofexperts.com/
Roofing Services,https://www.hartmanroofinglubbock.com/,(806) 615-0061,,Lubbock,TX,roofing contractor,https://hartmanroofinglubbock.com/
Plains Roofing,https://plainsroofing.com/,(806) 748-0702,plainsroofing@gmail.com,Lubbock,TX,roofing contractor,https://plainsroofing.com/
Home,https://www.lubbockroofer.net/,(806) 570-0264,,Lubbock,TX,roofing contractor,https://lubbockroofer.net/
Professional Roofing & Restoration Contractor,https://www.stormguardrc.com/,,,Lubbock,TX,roofing contractor,https://stormguardrc.com/
Massie Roofing,https://www.massieroofing.com/,(806) 928-1971,,Lubbock,TX,roofing contractor,https://massieroofing.com/
Lubbock,https://www.sharkeyroofing.com/,(806) 855-2080,,Lubbock,TX,roofing contractor,https://sharkeyroofing.com/
Fat Matt Roofing,https://www.fatmattroofing.com/,(325) 704-5139,,Lubbock,TX,roofing contractor,https://fatmattroofing.com/
Laredo Roofing Solutions,https://laredoroofingsolutions.com/,(956) 774-7663,,Laredo,TX,roofing contractor,https://laredoroofingsolutions.com/
Laredo Texas,https://hbcroofing.us/,(956) 401-8025,hbcroofing@outlook.com,Laredo,TX,roofing contractor,https://hbcroofing.us/
Laredo,https://www.laredo-roofing.com/,(956) 278-0497,,Laredo,TX,roofing contractor,https://laredo-roofing.com/
rooftoproofing,https://rooftoproofinglaredo.com/,(956) 736-8585,claims@rooftoproofinglaredo.com,Laredo,TX,roofing contractor,https://rooftoproofinglaredo.com/
Harlingen,https://txroofdoctors.com/,(956) 374-2179,,Laredo,TX,roofing contractor,https://txroofdoctors.com/
Roof Repairs,https://pineranchroofing.com/,(832) 985-8158,info@pineranchroofing.com,Laredo,TX,roofing contractor,https://pineranchroofing.com/
Roofing Company,https://sunsetroofers.com/,(956) 307-6123,,Laredo,TX,roofing contractor,https://sunsetroofers.com/
Texas Energy Pro,https://texasenergyexperts.com/,(213) 427-0570,,Laredo,TX,roofing contractor,https://texasenergyexperts.com/
Residential Roofing Company,https://www.coreyconstruction.net/,(888) 713-1766,,Irving,TX,roofing contractor,https://coreyconstruction.net/
Acmeroofsystems,https://acmeroofsystems.com/,(817) 281-1150,,Irving,TX,roofing contractor,https://acmeroofsystems.com/
Irving,https://irvingroofingpro.com/,(972) 979-1070,contact@dfwroofingpro.com,Irving,TX,roofing contractor,https://irvingroofingpro.com/
Roofing Contractors in CA & Texas,https://newhausroofing.com/,(747) 335-5704,info@newhausroofing.com,Irving,TX,roofing contractor,https://newhausroofing.com/
Anderson Industrial Roofing,https://www.andersonindustrialroofing.net/,(866) 949-8016,,Irving,TX,roofing contractor,https://andersonindustrialroofing.net/
National Building Restoration Company (Top 100,https://www.restoremastersllc.com/,(800) 277-6815,,Irving,TX,roofing contractor,https://restoremastersllc.com/
Home Old Pro Roofing,https://oldproroofing.com/,(817) 929-7663,info@oldproroofing.com,Irving,TX,roofing contractor,https://oldproroofing.com/
Caldwell Exteriors,https://caldwellexterior.com/,(877) 433-9766,office@caldwellexterior.com,Irving,TX,roofing contractor,https://caldwellexterior.com/
#1 Roofing Grapevine TX Company,https://callkangaroofdfw.com/,(214) 790-7663,info@callkangaroof.com,Irving,TX,roofing contractor,https://callkangaroofdfw.com/
Baker Roofing & Construction: Residential &,https://baker-roofing.com/,(866) 733-5834,,Irving,TX,roofing contractor,https://baker-roofing.com/
Home,https://dfwexpertroofrepair.com/,(972) 838-1977,dfwexpertroofrepair@gmail.com,Irving,TX,roofing contractor,https://dfwexpertroofrepair.com/
Roofing Contractors,https://www.signatureroofing.net/,(888) 997-2073,,Irving,TX,roofing contractor,https://signatureroofing.net/
Artisan Roofing & Solar,https://acsroofing.net/,(972) 854-9212,,Irving,TX,roofing contractor,https://acsroofing.net/
Commercial Flat Roofing of Dallas,https://commercialflatroofingofdallas.com/,(214) 336-7242,info@commercialflatroofingofdallas.com,Irving,TX,roofing contractor,https://commercialflatroofingofdallas.com/
Top Roofing Experts in Texas,https://www.911exteriors.com/,(972) 243-6700,ash@911exteriors.com,Irving,TX,roofing contractor,https://911exteriors.com/
Elite Roofing and Consulting,https://eliteroofingandconsulting.com/,(469) 337-3995,,Irving,TX,roofing contractor,https://eliteroofingandconsulting.com/
Garland,https://www.peacockroofing.com/,(972) 362-4166,,Garland,TX,roofing contractor,https://peacockroofing.com/
Fifty Years of quality work,https://www.garlandroofing.com/,(972) 278-1711,,Garland,TX,roofing contractor,https://garlandroofing.com/
Premier,https://www.premierroofinggarland.com/,(214) 935-5357,,Garland,TX,roofing contractor,https://premierroofinggarland.com/
"Dallas, TX's Trusted",https://www.spyderroofing.com/,(972) 704-6524,,Garland,TX,roofing contractor,https://spyderroofing.com/
Clutch Roofing Performance,https://clutchroof.com/,(214) 949-3966,info@clutchroof.com,Garland,TX,roofing contractor,https://clutchroof.com/
Home,https://bigdroofing.com/,(972) 495-8000,bigdroofingco@gmail.com,Garland,TX,roofing contractor,https://bigdroofing.com/
Dallas–Fort Worth,https://www.roofitco.com/,,,Garland,TX,roofing contractor,https://roofitco.com/
Emery Construction: Dallas,https://emeryroofing.com/,(940) 642-7070,info@emeryroofing.com,Garland,TX,roofing contractor,https://emeryroofing.com/
Excellent Building Solutions,https://jprconstructioninc.com/,(972) 278-0668,contact@jprconstructioninc.com,Garland,TX,roofing contractor,https://jprconstructioninc.com/
Garland,https://garlandcommercialroofing.net/,(945) 212-7985,info@garlandcommercialroofing.net,Garland,TX,roofing contractor,https://garlandcommercialroofing.net/
Commercial Roofing & Building Envelope Systems,https://www.garlandco.com/,(177) 277-4203,,Garland,TX,roofing contractor,https://garlandco.com/
Garland Texas,https://garlandresidentialroofing.com/,(877) 772-7581,,Garland,TX,roofing contractor,https://garlandresidentialroofing.com/
Danco Roofing,https://dancoroofing.com/,(972) 276-0063,,Garland,TX,roofing contractor,https://dancoroofing.com/
DFW Roofing Pro,https://dfwroofingpro.com/,(972) 979-1070,contact@dfwroofingpro.com,Garland,TX,roofing contractor,https://dfwroofingpro.com/
Texas Plains Roofing & Exterior Contractor in,https://www.texasplainscos.com/,(806) 419-1500,,Amarillo,TX,roofing contractor,https://texasplainscos.com/
Roofing Company in,https://mayfieldroofinginc.com/,(806) 352-5649,admin@mayfieldroofinginc.com,Amarillo,TX,roofing contractor,https://mayfieldroofinginc.com/
Accent Roofing of,https://www.accentroofingamarillo.com/,(806) 457-1777,,Amarillo,TX,roofing contractor,https://accentroofingamarillo.com/
Roofing Services,https://www.xitroofingandconstruction.com/,(806) 477-9919,info@xitroofingandconstruction.com,Amarillo,TX,roofing contractor,https://xitroofingandconstruction.com/
Venture Roofing & Construction,https://ventureroofco.com/,(806) 910-8104,,Amarillo,TX,roofing contractor,https://ventureroofco.com/
Roofers in,https://www.roofspotters.com/,(806) 372-4149,roofspotters@gmail.com,Amarillo,TX,roofing contractor,https://roofspotters.com/
ECG Commercial,https://www.excelcg.com/,(833) 324-2699,info@excelcg.com,Amarillo,TX,roofing contractor,https://excelcg.com/
Roofing Company in,https://roofsmithconstruction.com/,(806) 622-9501,,Amarillo,TX,roofing contractor,https://roofsmithconstruction.com/
Roofing and Remodeling Experts in,https://theroofgurus.com/,(806) 203-0974,pedro@theroofgurus.com,Amarillo,TX,roofing contractor,https://theroofgurus.com/
Morales Roofing,https://www.moralesroofingamarillo.com/,(806) 626-7578,moralesroofingtexas@gmail.com,Amarillo,TX,roofing contractor,https://moralesroofingamarillo.com/
True South Roofing,https://www.truesouthroofing.net/,(806) 663-6602,,Amarillo,TX,roofing contractor,https://truesouthroofing.net/
Norton Roofing in,https://nortonroofing.com/,(806) 372-7663,roof@nortonroofing.com,Amarillo,TX,roofing contractor,https://nortonroofing.com/
Amarillo Roofing Experts,https://www.priceroofingco.com/,(806) 353-3389,,Amarillo,TX,roofing contractor,https://priceroofingco.com/
T&S Roofing,https://www.tsroofs.com/,(205) 413-5103,,Amarillo,TX,roofing contractor,https://tsroofs.com/
Amarillo,https://tascosaroofing.com/,(806) 454-9277,tascosaroofing@gmail.com,Amarillo,TX,roofing contractor,https://tascosaroofing.com/
Hathaway Roofing & Construction I Home,https://www.hathawayroofing.com/,(806) 223-5376,tharen@hathawayroofing.com,Amarillo,TX,roofing contractor,https://hathawayroofing.com/
Homepage,https://www.hartmanroofing.com/,(806) 372-8510,,Amarillo,TX,roofing contractor,https://hartmanroofing.com/
Redladderroofing,https://www.redladderroofing.com/,(940) 736-8577,office@redladderroofing.com,Grand Prairie,TX,roofing contractor,https://redladderroofing.com/
Roofing Company in Northglenn,https://www.awaltconstruction.com/,(303) 647-4006,,Grand Prairie,TX,roofing contractor,https://awaltconstruction.com/
Birdcreek Roofing,https://www.birdcreekroofing.com/,(800) 693-6041,admin@birdcreekroofing.com,Grand Prairie,TX,roofing contractor,https://birdcreekroofing.com/
Roofing Contractor,https://www.salinasroofingflooring.com/,(469) 558-9238,,Grand Prairie,TX,roofing contractor,https://salinasroofingflooring.com/
Ahlers Roofing and Construction,https://ahlersroofing.com/,(214) 214-7663,info@ahlersroofing.com,Grand Prairie,TX,roofing contractor,https://ahlersroofing.com/
Residential &,https://www.roofingdalco.com/,(214) 632-7177,brook@roofingdalco.com,Grand Prairie,TX,roofing contractor,https://roofingdalco.com/
Dallas,https://westroofingdallas.com/,(972) 869-2655,vhalusek@westroofingdallas.com,Grand Prairie,TX,roofing contractor,https://westroofingdallas.com/
Vertical Solutions Roofing,https://verticalsolutionsroofing.com/,(214) 706-2749,admin@verticalsolutionsroofing.com,Grand Prairie,TX,roofing contractor,https://verticalsolutionsroofing.com/
Roofing Company in,https://www.bluenailroofing.com/,(855) 255-1975,,Grand Prairie,TX,roofing contractor,https://bluenailroofing.com/
"Roofer in Colleyville, TX",https://kmservicepro.com/,(817) 918-3940,office@kmservicepro.com,Grand Prairie,TX,roofing contractor,https://kmservicepro.com/
High Bar Roofing Haslet,https://www.highbarroofing.com/,(817) 925-6737,calvin@highbarroofing.com,Grand Prairie,TX,roofing contractor,https://highbarroofing.com/
"Metal Roofing, Metal Shingles, Standing Seam Metal Roofing",https://www.superoof.com/,(817) 268-1500,info@superoof.com,Grand Prairie,TX,roofing contractor,https://superoof.com/
Paradigm Roof+Shield,https://paradigmroofs.com/,(972) 542-7774,,McKinney,TX,roofing contractor,https://paradigmroofs.com/
"Roofing Experts, Contractors & Services in Texas",https://eliteroofpro.com/,(713) 804-7663,info@eliteroofpro.com,McKinney,TX,roofing contractor,https://eliteroofpro.com/
NWC General Construction,https://nwcgeneralconstruction.com/,(877) 871-7663,,McKinney,TX,roofing contractor,https://nwcgeneralconstruction.com/
Mckinney Roofing,https://mckinneyroofing.net/,(972) 369-1011,mckinney.roofer@gmail.com,McKinney,TX,roofing contractor,https://mckinneyroofing.net/
Lowry,https://www.lowryroofingco.com/,(469) 412-4364,,McKinney,TX,roofing contractor,https://lowryroofingco.com/
Roofing OnTop & Construction,https://www.roofingontop.com/,(155) 598-8494,,McKinney,TX,roofing contractor,https://roofingontop.com/
Mckinney Roofing,https://mckinneyroofs.com/,(844) 637-0554,,McKinney,TX,roofing contractor,https://mckinneyroofs.com/
Roofing Contractors,https://www.actnowroofing.com/,(855) 979-7871,,McKinney,TX,roofing contractor,https://actnowroofing.com/
"Legacy Roofing: Roofing & Construction in Allen, TX",https://legacyroofingusa.com/,,info@legacyroofingusa.com,McKinney,TX,roofing contractor,https://legacyroofingusa.com/
Roofing Contractors Carrollton,https://jciroofing.com/,(972) 245-4025,contact@jciroofing.com,McKinney,TX,roofing contractor,https://jciroofing.com/
McKinney,https://www.choiceroofingcare.com/,(469) 966-6422,,McKinney,TX,roofing contractor,https://choiceroofingcare.com/
Home,https://newleafroofing.net/,(214) 924-0186,info@newleafroofing.net,McKinney,TX,roofing contractor,https://newleafroofing.net/
McKinney TX Roofing & Home Remodeling,https://yfroofer.com/,(888) 596-7374,admin@yfroofer.com,McKinney,TX,roofing contractor,https://yfroofer.com/
Roofing Company,https://www.mckinneyroofing.com/,(972) 977-8210,mckinneyroofing@gmail.com,McKinney,TX,roofing contractor,https://mckinneyroofing.com/
Roofing Company Dallas TX,https://www.wbroofing.com/,(214) 971-8838,reroof@wbroofing.com,McKinney,TX,roofing contractor,https://wbroofing.com/
Mike Huddleston Roofing Systems,https://www.mhhroofing.com/,(817) 859-7951,,McKinney,TX,roofing contractor,https://mhhroofing.com/
Shamrock,https://shamrockroofer.com/,(913) 850-6556,,McKinney,TX,roofing contractor,https://shamrockroofer.com/
"Touchstone Roofing, LLC",https://www.touchstoneroofing.com/,(972) 418-2992,,McKinney,TX,roofing contractor,https://touchstoneroofing.com/
Full Service,https://www.armorroofco.com/,(972) 863-1047,info@armorroofco.com,McKinney,TX,roofing contractor,https://armorroofco.com/
Final Cut Roofing and Construction Company in,https://finalcutroofing.com/,(888) 618-3271,,Frisco,TX,roofing contractor,https://finalcutroofing.com/
Trusted Local Texas,https://constructionwithintegrity.com/,(972) 836-9196,,Frisco,TX,roofing contractor,https://constructionwithintegrity.com/
Home,https://designerroofing.com/,(972) 644-6556,,Frisco,TX,roofing contractor,https://designerroofing.com/
Brotherhood Roofing,https://brotherhoodroofing.com/,(972) 742-5332,info@brotherhoodroofing.com,Frisco,TX,roofing contractor,https://brotherhoodroofing.com/
Frisco Roof Repairs,https://www.friscoroofrepairs.com/,(494) 653-2642,,Frisco,TX,roofing contractor,https://friscoroofrepairs.com/
Roof Repair Company,https://proficientroofing.com/,(214) 842-1064,,Frisco,TX,roofing contractor,https://proficientroofing.com/
SLM General Contractors & Roofing LLC: Home Page,https://slmgc.com/,(469) 844-2300,info@slmgc.com,Frisco,TX,roofing contractor,https://slmgc.com/
Firehouse Roofing,https://firehouseroofing.com/,(214) 888-3152,,Frisco,TX,roofing contractor,https://firehouseroofing.com/
Home,https://townandcountryroofingdfw.com/,(972) 377-8188,info@townandcountryroofingdfw.com,Frisco,TX,roofing contractor,https://townandcountryroofingdfw.com/
Expert Roofing Services in North Texas,https://www.mdroofingpros.com/,(972) 834-3009,michael@mdroofingpros.com,Frisco,TX,roofing contractor,https://mdroofingpros.com/
Roofing Company in,https://www.suntexroofs.com/,(214) 766-3669,office@suntexroofs.com,Frisco,TX,roofing contractor,https://suntexroofs.com/
OneSource Roofing & Restoration,https://onesourceroofs.com/,(972) 928-2988,contact@onesourceroofs.com,Frisco,TX,roofing contractor,https://onesourceroofs.com/
Impression Roofing,https://www.impressionroofing.com/,(817) 305-7178,joseph@impressionroofing.com,Frisco,TX,roofing contractor,https://impressionroofing.com/
Roofing Contractors in,https://coppertreeroofing.com/,(214) 387-7663,info@coppertreeroofing.com,Frisco,TX,roofing contractor,https://coppertreeroofing.com/
#1 Southlake,https://www.griffithroofing.com/,(200) 364-9997,mark@griffithroofing.com,Frisco,TX,roofing contractor,https://griffithroofing.com/
Home,https://gifford-roofing.com/,(713) 565-7663,info@gifford-roofing.com,Pasadena,TX,roofing contractor,https://gifford-roofing.com/
Affordable Houston Texas,https://www.reliableroofingandsheetmetalllc.com/,(832) 512-1461,reliableroofing1988@gmail.com,Pasadena,TX,roofing contractor,https://reliableroofingandsheetmetalllc.com/
Roof Fix Houston: Houston Roofing & Remodeling Experts,https://rooffixhouston.com/,(713) 904-3904,,Pasadena,TX,roofing contractor,https://rooffixhouston.com/
Roof and Gutter Contractor,https://www.allprogutterservice.net/,(141) 650-3315,,Pasadena,TX,roofing contractor,https://allprogutterservice.net/
Roofing Contractor,https://12stonesroofing.com/,(832) 815-9463,admin@12stonesroofing.com,Pasadena,TX,roofing contractor,https://12stonesroofing.com/
Trusted,https://smithandsonsroofing.com/,(254) 524-4966,info@smithandsonsroofing.com,Pasadena,TX,roofing contractor,https://smithandsonsroofing.com/
DR Roofing and Construction,https://drroofingandconstruction.com/,(888) 420-6767,sales@drroofingandconstruction.com,Pasadena,TX,roofing contractor,https://drroofingandconstruction.com/
Roofers,https://www.bayarearoofersinc.com/,(281) 482-1200,,Pasadena,TX,roofing contractor,https://bayarearoofersinc.com/
Integrity Storm Experts: Roofing & Restoration Services,https://integritystormexperts.com/,(832) 324-5182,,Pasadena,TX,roofing contractor,https://integritystormexperts.com/
TSG Roofing,https://tsgroofing.com/,(888) 831-1005,info@tsgroofing.com,Pasadena,TX,roofing contractor,https://tsgroofing.com/
Diversified Roofing,https://www.diversifiedroofing.com/,(602) 870-8322,info@diversifiedroofing.com,Pasadena,TX,roofing contractor,https://diversifiedroofing.com/
"Roofing Contractor in Webster, Texas",https://waboroofing.com/,(855) 557-6634,,Pasadena,TX,roofing contractor,https://waboroofing.com/
Alltex Roofing Systems,https://www.alltexroofingsystems.com/,(972) 740-8602,,Pasadena,TX,roofing contractor,https://alltexroofingsystems.com/
Residential &,https://www.omegaroofingpros.com/,(832) 259-0830,,Pasadena,TX,roofing contractor,https://omegaroofingpros.com/
Amstill Roofing,https://amstillroofing.com/,(281) 495-1878,info@amstillroofing.com,Pasadena,TX,roofing contractor,https://amstillroofing.com/
Local Owned,https://meisroofing.com/,(817) 735-9031,,Pasadena,TX,roofing contractor,https://meisroofing.com/
Houston,https://www.roofsquad.com/,(713) 489-8064,support@roofsquad.com,Pasadena,TX,roofing contractor,https://roofsquad.com/
McAllen TX,https://mcallenroofing.com/,(956) 622-5948,,McAllen,TX,roofing contractor,https://mcallenroofing.com/
McAllen,https://www.mcallen-roofing.com/,(956) 540-5234,,McAllen,TX,roofing contractor,https://mcallen-roofing.com/
#1 Trusted,https://marvaroofing.com/,(956) 217-9989,info@marvaroofing.com,McAllen,TX,roofing contractor,https://marvaroofing.com/
McAllen TX,https://roofingmcallencompany.com/,(956) 253-1085,,McAllen,TX,roofing contractor,https://roofingmcallencompany.com/
Frontline Home Solutions,https://www.yourfrontline.com/,(956) 261-5712,info@yourfrontline.com,McAllen,TX,roofing contractor,https://yourfrontline.com/
McAllen Roofing Supply & Roof Materials,https://budgetroofingsupply.com/,(956) 616-4840,,McAllen,TX,roofing contractor,https://budgetroofingsupply.com/
metal roofing,https://avroofingco.com/,(956) 687-3730,a-vroofing@hotmail.com,McAllen,TX,roofing contractor,https://avroofingco.com/
McAllen Roofing Experts: Repairs & Replacements,https://www.roofing956.com/,(956) 467-7993,info@roofing956.com,McAllen,TX,roofing contractor,https://roofing956.com/
Commercial Roofing in Dallas &,https://mesquiteroofingandconstruction.com/,(972) 681-3183,mesquiteroofingandconstruction@gmail.com,Mesquite,TX,roofing contractor,https://mesquiteroofingandconstruction.com/
Roofing Contractor in Rockwall & Rowlett TX,https://baconroofing.com/,(972) 772-1999,info@baconroofingstaging.com,Mesquite,TX,roofing contractor,https://baconroofing.com/
Your Trusted,https://roofsbyshiloh.com/,(972) 789-5153,info@roofsbyshiloh.com,Mesquite,TX,roofing contractor,https://roofsbyshiloh.com/
HOME,https://www.pioneerutdroofing.com/,(254) 458-4225,pioneerunitedroofing@gmail.com,Killeen,TX,roofing contractor,https://pioneerutdroofing.com/
Roofing Company,https://www.castexroofingco.com/,(254) 749-1579,,Killeen,TX,roofing contractor,https://castexroofingco.com/
Lange Roofing,https://langeroofingllc.com/,(254) 554-7665,langeroofingllc@gmail.com,Killeen,TX,roofing contractor,https://langeroofingllc.com/
Roofing Services in,https://www.canopyroofingtexas.com/,(254) 249-4056,,Killeen,TX,roofing contractor,https://canopyroofingtexas.com/
Roam Roof and Solar,https://roamroof.com/,(254) 877-7663,,Killeen,TX,roofing contractor,https://roamroof.com/
Roofing Company Central Texas,https://www.fsrtexas.com/,(254) 332-1311,office@fsrtexas.com,Killeen,TX,roofing contractor,https://fsrtexas.com/
Parsons,https://www.parsonsroofing.com/,(877) 881-1733,,Killeen,TX,roofing contractor,https://parsonsroofing.com/
Quality Roofing by Tex Martinez Roofing for Your Home,https://texmartinezroofing.com/,(254) 312-1480,perla@texmartinezroofing.com,Killeen,TX,roofing contractor,https://texmartinezroofing.com/
Apex Fencing &,https://www.apexfencingandroofing.us/,(254) 239-0434,jeff@apexfencingandroofing.us,Killeen,TX,roofing contractor,https://apexfencingandroofing.us/
Central Texas,https://roofstexas.com/,(254) 655-1024,info@roofstexas.com,Killeen,TX,roofing contractor,https://roofstexas.com/
Roof Repair,https://flagstoneroofing.com/,,,Killeen,TX,roofing contractor,https://flagstoneroofing.com/
Home,https://securedroofingllc.com/,(254) 300-8698,securedroofingngllc@gmail.com,Killeen,TX,roofing contractor,https://securedroofingllc.com/
Top-Rated Roofing Services in,https://www.texaslocalroofing.info/,(254) 220-8478,texaslocalroofing@gmail.com,Killeen,TX,roofing contractor,https://texaslocalroofing.info/
Best,https://www.denaliroofingllc.net/,(974) 999-9999,denaliroofingllc@gmail.com,Killeen,TX,roofing contractor,https://denaliroofingllc.net/
Texas,https://mammothroofs.com/,(210) 750-4481,,Killeen,TX,roofing contractor,https://mammothroofs.com/
Proroofingwaco,https://proroofingwaco.com/,(254) 498-0906,contact@proroofingwaco.com,Waco,TX,roofing contractor,https://proroofingwaco.com/
Professional,https://worthamconstructionroofing.com/,(254) 242-9959,wcr254roofing@gmail.com,Waco,TX,roofing contractor,https://worthamconstructionroofing.com/
Roofing Company Ft Worth TX,https://www.theroofcowaco.com/,(254) 236-5764,info@theroofcowaco.com,Waco,TX,roofing contractor,https://theroofcowaco.com/
Home,https://roofingamericaco.com/,(262) 396-6530,,Waco,TX,roofing contractor,https://roofingamericaco.com/
Home,https://www.jroof.com/,(254) 662-5571,sales@jroof.com,Waco,TX,roofing contractor,https://jroof.com/
Best Roofing & Remodeling,https://bestroofingremodeling.com/,(254) 732-2400,,Waco,TX,roofing contractor,https://bestroofingremodeling.com/
Roofing and Construction Services,https://bluecannonconstruction.com/,(972) 935-8461,jeffb@bluecannon.net,Carrollton,TX,roofing contractor,https://bluecannonconstruction.com/
Roofer,https://www.therestoreteam.com/,(972) 538-1909,info@therestoreteam.com,Carrollton,TX,roofing contractor,https://therestoreteam.com/
XR Roofing and Contracting,https://xrroofing.com/,(214) 509-7663,,Carrollton,TX,roofing contractor,https://xrroofing.com/
24/7 Emergency,https://www.phoenixstormgroup.com/,(945) 308-0425,sales@phoenixstormgroup.com,Carrollton,TX,roofing contractor,https://phoenixstormgroup.com/
Roofing Service,https://www.bcroof.com/,(972) 306-0215,,Carrollton,TX,roofing contractor,https://bcroof.com/
Hawkins,https://hawkinsresidentialroofing.com/,(866) 601-8663,,Carrollton,TX,roofing contractor,https://hawkinsresidentialroofing.com/
Blue Roofing,https://roof.blue/,(214) 865-6256,,Carrollton,TX,roofing contractor,https://roof.blue/
Premier North Dallas,https://elevatedroofing.com/,(469) 305-0010,,Carrollton,TX,roofing contractor,https://elevatedroofing.com/
"Roofing Contractor in Fort Worth, TX",https://veteranbros.com/,(817) 663-1258,,Carrollton,TX,roofing contractor,https://veteranbros.com/
TIG Roofing,https://www.tigroofing.com/,(706) 389-9637,info@tigroofing.com,Carrollton,TX,roofing contractor,https://tigroofing.com/
Top-Rated,https://uprightroofinggc.com/,(817) 663-0982,info@uprightroofinggc.com,Carrollton,TX,roofing contractor,https://uprightroofinggc.com/
General Construction Contractor in,https://www.tristarbuilt.com/,(940) 381-2222,,Denton,TX,roofing contractor,https://tristarbuilt.com/
Denton Trinity Roofing,https://dentontrinityroofing.com/,(940) 382-0664,,Denton,TX,roofing contractor,https://dentontrinityroofing.com/
Roofing Contractor in,https://www.texaslegacygc.com/,(817) 409-4239,,Denton,TX,roofing contractor,https://texaslegacygc.com/
RCS Roofing & Sheet Metal,https://rcsroofingandmetal.com/,(940) 514-1161,,Denton,TX,roofing contractor,https://rcsroofingandmetal.com/
Residential Roofing,https://jbnroofingoftexas.com/,(469) 340-0838,sales@jbnroofingoftexas.com,Denton,TX,roofing contractor,https://jbnroofingoftexas.com/
Roofing Company,https://jbnroofingpros.com/,(469) 340-0838,sales@jbnroofingpros.com,Denton,TX,roofing contractor,https://jbnroofingpros.com/
Thedentonroofingcompany,https://www.thedentonroofingcompany.com/,(229) 140-6153,,Denton,TX,roofing contractor,https://thedentonroofingcompany.com/
Denton Roofing,https://www.cfdiscountroofing.com/,(940) 808-0289,,Denton,TX,roofing contractor,https://cfdiscountroofing.com/
Roofing Services,https://www.roofingreformation.com/,(469) 321-5201,18d2f96d279149989b95faf0a4b41882@sentry-next.wixpress.com,Denton,TX,roofing contractor,https://roofingreformation.com/
Denton,https://www.dentonroofingrepair.com/,(941) 266-5099,,Denton,TX,roofing contractor,https://dentonroofingrepair.com/
"Roofing Contractor in Odessa, TX",https://permianroofing.net/,(432) 237-3127,permianroofing@gmail.com,Midland,TX,roofing contractor,https://permianroofing.net/
Roofing Company in,http://www.roofingmidlandtx.net/,(992) 844-7723,,Midland,TX,roofing contractor,https://roofingmidlandtx.net/
"Roofing Contractor in Plano, TX",https://proclaimroof.com/,(972) 984-7663,,Midland,TX,roofing contractor,https://proclaimroof.com/
Roofing Contractor in,https://midlandroofingpros.com/,(432) 286-7876,,Midland,TX,roofing contractor,https://midlandroofingpros.com/
Kent Elliott Roofing,https://www.kentelliottroofing.com/,(325) 655-2800,,Abilene,TX,roofing contractor,https://kentelliottroofing.com/
Roofing Contractor,https://texashomesroofing.com/,(325) 676-2481,,Abilene,TX,roofing contractor,https://texashomesroofing.com/
Home,https://barroofing.com/,(325) 672-8417,info@barroofing.com,Abilene,TX,roofing contractor,https://barroofing.com/
Roofing Contractor for Home and Business,https://roofsbypeak.com/,(325) 208-1457,,Abilene,TX,roofing contractor,https://roofsbypeak.com/
Roofing Contractor,https://www.haleroofingconstruction.com/,(325) 668-3655,tylerhale1107@gmail.com,Abilene,TX,roofing contractor,https://haleroofingconstruction.com/
Home,https://www.clearforkroofingcompany.com/,(325) 672-5609,clearforkroofingcompanyllc@gmail.com,Abilene,TX,roofing contractor,https://clearforkroofingcompany.com/
Roofing Company in,https://www.buntonroofing.com/,(171) 261-6877,john@buntonroofing.com,Abilene,TX,roofing contractor,https://buntonroofing.com/
Roofing Contractors in,https://sittonroof.com/,(325) 677-5416,sittonroofing.co@gmail.com,Abilene,TX,roofing contractor,https://sittonroof.com/
Roofing Company in,https://chaddodsonroofing.com/,(325) 428-6222,,Abilene,TX,roofing contractor,https://chaddodsonroofing.com/
The Third,https://roofingcompanyabilene.com/,(325) 216-4092,,Abilene,TX,roofing contractor,https://roofingcompanyabilene.com/
Residential &,https://laynetechroofing.com/,(325) 690-4101,laynetech@gmail.com,Abilene,TX,roofing contractor,https://laynetechroofing.com/
Thornton's,https://www.thorntonsroofingcompany.com/,,,Abilene,TX,roofing contractor,https://thorntonsroofingcompany.com/
Barr,https://www.trustbarr.com/,(637) 696-6230,info@trustbarr.com,Abilene,TX,roofing contractor,https://trustbarr.com/
"Lubbock, Midland, Amarillo",https://maverickroofing.com/,(806) 705-8373,,Abilene,TX,roofing contractor,https://maverickroofing.com/
Andy's Roofing,https://www.andysroofingabilene.com/,(325) 669-4277,,Abilene,TX,roofing contractor,https://andysroofingabilene.com/
Residential &,https://rhinoroofsystems.com/,(325) 695-1000,,Abilene,TX,roofing contractor,https://rhinoroofsystems.com/
Pro Roofing Concepts,https://proroofingconcepts.com/,(409) 212-9330,chris@proroofingconcepts.com,Beaumont,TX,roofing contractor,https://proroofingconcepts.com/
Roof Installation & Repair,https://www.beaumont-roofing.com/,(141) 650-3315,,Beaumont,TX,roofing contractor,https://beaumont-roofing.com/
Home,https://metalroofingbeaumont.com/,(409) 245-7031,,Beaumont,TX,roofing contractor,https://metalroofingbeaumont.com/
Texas,https://eliteroofingsolutions.com/,(281) 741-5924,,Beaumont,TX,roofing contractor,https://eliteroofingsolutions.com/
"M&M Roofing: Trusted, Affordable",https://mmroofsiding.com/,(800) 352-3933,,Beaumont,TX,roofing contractor,https://mmroofsiding.com/
Roofing Contractors,https://www.ableroofingusa.com/,(409) 898-6348,david@ableroofingusa.com,Beaumont,TX,roofing contractor,https://ableroofingusa.com/
Roofing Contractor in,https://beaumontroofingpros.com/,(409) 302-0230,,Beaumont,TX,roofing contractor,https://beaumontroofingpros.com/
Monument Roofing Systems| Discover Expert Solutions,https://www.monumentgreenroof.com/,(409) 860-9343,,Beaumont,TX,roofing contractor,https://monumentgreenroof.com/
Residential &,https://acesiding.net/,(409) 860-4333,,Beaumont,TX,roofing contractor,https://acesiding.net/
Beaumont Premier Roofing​,https://beaumontroofing.org/,(409) 245-6284,,Beaumont,TX,roofing contractor,https://beaumontroofing.org/
Best Roofing Service in Texas,https://roofingondemand.com/,(409) 965-5555,info@roofingondemand.com,Beaumont,TX,roofing contractor,https://roofingondemand.com/
American Roofing & Construction Services,https://www.american-construction.org/,(409) 489-6654,contact@american-construction.org,Beaumont,TX,roofing contractor,https://american-construction.org/
Roofing Contractor Lumberton TX,https://coastalroofingspecialists.com/,(409) 751-5454,,Beaumont,TX,roofing contractor,https://coastalroofingspecialists.com/
Roofers,https://www.poperoofing.com/,(409) 200-8234,,Beaumont,TX,roofing contractor,https://poperoofing.com/
Roof Builders & Roof Repairs,https://www.beaumonttxroofers.com/,(409) 203-7936,,Beaumont,TX,roofing contractor,https://beaumonttxroofers.com/
Fresh Era Roofing,https://www.fresheraroofing.com/,(346) 443-5413,,Beaumont,TX,roofing contractor,https://fresheraroofing.com/
Mandex,https://www.mandex.biz/,(616) 842-4500,,Beaumont,TX,roofing contractor,https://mandex.biz/
Roofing,https://www.gandmroofing.com/,(432) 550-2700,,Odessa,TX,roofing contractor,https://gandmroofing.com/
Local,https://www.texasroofsystems.com/,(432) 580-7993,,Odessa,TX,roofing contractor,https://texasroofsystems.com/
Huf Roofing & Construction,https://hufconstruction.com/,(218) 126-6792,,Odessa,TX,roofing contractor,https://hufconstruction.com/
Local,https://roofingpb.com/,(432) 853-7270,,Odessa,TX,roofing contractor,https://roofingpb.com/
Ryan,https://ryanroofs.com/,(432) 556-6065,sales@ryanroofs.com,Odessa,TX,roofing contractor,https://ryanroofs.com/
Roofing Services Across West Texas,https://wielerroofingandconstruction.com/,(806) 752-0866,jake@wielerroofingandconstruction.com,Odessa,TX,roofing contractor,https://wielerroofingandconstruction.com/
Round Rock,https://www.hallroofing.com/,(512) 967-0823,,Round Rock,TX,roofing contractor,https://hallroofing.com/
RoofCrafters,https://www.roofcrafters.com/,(888) 920-9835,,Round Rock,TX,roofing contractor,https://roofcrafters.com/
Alpha Roofing Industries,https://www.alpharoofingtexas.com/,(512) 777-1086,,Round Rock,TX,roofing contractor,https://alpharoofingtexas.com/
Aurum Roofing,https://aurumroofing.com/,(737) 305-2955,,Round Rock,TX,roofing contractor,https://aurumroofing.com/
Callkangaroof,https://callkangaroof.com/,(512) 388-7663,,Round Rock,TX,roofing contractor,https://callkangaroof.com/
Havard Roofing & Construction,https://havardroofing.com/,(254) 389-0011,havard.roofing@gmail.com,Round Rock,TX,roofing contractor,https://havardroofing.com/
BesTex,https://roundrocktxroofrepair.com/,(833) 766-3748,,Round Rock,TX,roofing contractor,https://roundrocktxroofrepair.com/
Pflugerville,https://dynamiteroof.com/,(512) 505-8008,,Round Rock,TX,roofing contractor,https://dynamiteroof.com/
Triple R Roofing,https://www.triplerroofingroundrock.com/,(512) 645-1833,,Round Rock,TX,roofing contractor,https://triplerroofingroundrock.com/
Georgetown Roofing Companies,https://sixthgenroofing.com/,(512) 645-2416,hello@sixthgenroofing.com,Round Rock,TX,roofing contractor,https://sixthgenroofing.com/
Vantageroofings,https://vantageroofings.com/,,,Fort Worth,TX,roofing contractor,https://vantageroofings.com/
Lonestarrac,https://lonestarrac.com/,,,Arlington,TX,roofing contractor,https://lonestarrac.com/
Gorooftech,https://gorooftech.com/,,,Lubbock,TX,roofing contractor,https://gorooftech.com/
Alpineroofingconstruction,https://alpineroofingconstruction.com/,,,Irving,TX,roofing contractor,https://alpineroofingconstruction.com/
Strittmatterroofing,https://strittmatterroofing.com/,,,Carrollton,TX,roofing contractor,https://strittmatterroofing.com/
Dutchmarkcontractors,https://dutchmarkcontractors.com/,,,Beaumont,TX,roofing contractor,https://dutchmarkcontractors.com/
Network,https://network.procore.com/,,,El Paso,TX,roofing contractor,https://network.procore.com/
Cityof,https://cityof.com/,,,Corpus Christi,TX,roofing contractor,https://cityof.com/
Roofing Contractors Plano Tx,https://roofing-contractors-plano-tx.vercel.app/,,,Plano,TX,roofing contractor,https://roofing-contractors-plano-tx.vercel.app/
Namesandnumbers,https://namesandnumbers.com/,,,Lubbock,TX,roofing contractor,https://namesandnumbers.com/
Business,https://business.lubbockchamber.com/,,,Lubbock,TX,roofing contractor,https://business.lubbockchamber.com/
All Pro Roofing Grand Prairie,https://all-pro-roofing-grand-prairie.grandprairiedirect.us/,,,Grand Prairie,TX,roofing contractor,https://all-pro-roofing-grand-prairie.grandprairiedirect.us/
Redlineroofing,https://redlineroofing.weebly.com/,,,McAllen,TX,roofing contractor,https://redlineroofing.weebly.com/
Web,https://web.rcat.net/,,,Mesquite,TX,roofing contractor,https://web.rcat.net/
Local Roofers Midland Tx,https://local-roofers-midland-tx.rosevilleroofer.com/,,,Midland,TX,roofing contractor,https://local-roofers-midland-tx.rosevilleroofer.com/
Business,https://business.midlandtxchamber.com/,,,Midland,TX,roofing contractor,https://business.midlandtxchamber.com/
Locations,https://locations.becn.com/,,,Midland,TX,roofing contractor,https://locations.becn.com/
Abilene Tx,https://abilene-tx.testmi.in/,,,Abilene,TX,roofing contractor,https://abilene-tx.testmi.in/
Business,https://business.abilenechamber.com/,,,Abilene,TX,roofing contractor,https://business.abilenechamber.com/
Roof,https://roof.info/,,,Abilene,TX,roofing contractor,https://roof.info/
Business,https://business.bmtcoc.org/,,,Beaumont,TX,roofing contractor,https://business.bmtcoc.org/
Beaumontroofingservices,https://beaumontroofingservices.weebly.com/,,,Beaumont,TX,roofing contractor,https://beaumontroofingservices.weebly.com/
