business_name,website,public_phone,city,state
Integris Roofing,https://integrisroofing.com/,(713) 714-5096,Houston,TX
Monarch Roofing Houston,https://www.monarch-roofing.com/,(832) 215-0987,Houston,TX
Advanced Roofing Solutions,https://www.advancedroofinghouston.com/,(832) 952-0907,Houston,TX
Braun's Roofing,https://www.braunsroofing.com/,(713) 645-0505,Houston,TX
Holden Roofing,https://holdenroofing.com/contact-us/dallas-roofing/,(888) 553-1318,Dallas,TX
Firefighter Roofing,https://firefighterroofing.com/,(972) 587-0514,Dallas,TX
Medranos Roofing DFW,https://www.medranoroofingdfw.com/,(214) 675-9832,Dallas,TX
KPost Roofing & Waterproofing,https://kpostcompany.com/,(972) 910-8777,Dallas,TX
"Bold Roofing Company, Inc.",https://boldroofing.com/,(972) 380-9300,Dallas,TX
Jamar Roofing,https://jamarroofing.com/,(512) 441-8437,Austin,TX
Greater Austin Roofing,https://greateraustinroofing.com/,(512) 945-1205,Austin,TX
Tarrant Roofing - Austin,https://tarrantroofing.com/austin-tx-roofing-services/roofing-company-austin-texas/,(817) 571-7809,Austin,TX
Precision Roof Crafters,https://precisionroofcrafters.com/,(877) 366-2192,Austin,TX
Rhino Roofers,https://rhinoroofers.com/,(210) 361-7663,San Antonio,TX
Texas Family Roofing,https://texasfamilyroofing.com/,(512) 812-7900,San Antonio,TX
Tower Roofing,https://tower-roofing.com/,(210) 313-0168,San Antonio,TX
Dolan Roofing & Construction,https://www.dolanroofing.com/,(210) 465-1757,San Antonio,TX
Reveille Roofing,https://reveilleroofing.com/,(333) 333-3333,San Antonio,TX
Stephens Roofing & Remodeling,https://www.stephensroofing.net/,(210) 785-0994,San Antonio,TX
Good Contractors Roofing and Restoration,https://goodcontractorsroofing.com/,(682) 842-7663,Fort Worth,TX
Veritas Roofing,https://www.veritasroofingtx.com/,(817) 455-0117,Fort Worth,TX
El Paso Roofing Co.,https://elpasoroofingco.com/,(915) 691-2723,El Paso,TX
A&M Roofing El Paso,https://www.amroofingelpaso.com/,(915) 342-2000,El Paso,TX
AAAA Contractors and Roofing,https://aaaacontractors.com/contact/,(915) 852-3104,El Paso,TX
Escandon Roofing Inc.,https://www.escandonroofinginc.com/,(501) 960-7843,El Paso,TX
Texas State Roofing,https://texasstateroofing.com/,(361) 884-7663,Corpus Christi,TX
Pinnacle Roofing Systems,https://pinnacleroofingcc.com/,(361) 887-0599,Corpus Christi,TX
Galvan Roofing and Construction,https://www.galvanroofingtx.com/,(361) 444-5606,Corpus Christi,TX
Bayfront Roofing,https://bayfrontroofing.com/,(214) 748-2999,Corpus Christi,TX
Quick Roofing - Lubbock,https://www.quickroofing.com/lubbock-tx/,(888) 810-1002,Lubbock,TX
BlueRidge Roofing & Construction,https://www.blueridgeroof.com/,(806) 341-9438,Lubbock,TX
G.G.C. Roofing and Remodeling,https://www.hugedomains.com/domain_profile.cfm?d=ggcroofing.com,(303) 893-0552,Lubbock,TX
Cen-Tex Roof Systems,https://www.centexrs.com/,(254) 535-2419,Waco,TX
"Honey's Roofing, LLC",https://honeysroofingllc.com/,(254) 662-9900,Waco,TX
McAllen Valley Roofing Co.,https://www.mcallenvalleyroofing.com/,(956) 279-8292,McAllen,TX
Vega Roofing,https://vegaroofing.com/,(956) 686-4921,McAllen,TX
Castillo Roofing - McAllen,https://castillotx.com/mcallen/,(956) 264-2477,McAllen,TX
Brownsville Roofing,https://www.brownsville-roofing.com/,(956) 431-0251,Brownsville,TX
Owen Roofing LLC,https://www.owenroofingco.com/,(254) 535-2419,Brownsville,TX
Pride Roofing Xperts,https://prideroofingxperts.com/,(202) 408-0514,Brownsville,TX
Kelley Roofing,https://kelleyroofingamarillo.com/,(806) 463-7910,Amarillo,TX
Andrus Brothers Roofing,https://andrusbrothersroofing.com/,(806) 359-5409,Amarillo,TX
All Star Sheet Metal & Roofing,https://amarillotxroofing.com/,(806) 372-6621,Amarillo,TX
Rhynehart Roofing,https://www.rhynehart.com/,(806) 622-0090,Amarillo,TX
Chappell Roofing,https://chappellroofing.com/,(432) 312-8705,Midland,TX
Sky High Roofing,https://www.skyhighroofingtyler.com/,(254) 535-2419,Tyler,TX
Estes Roofing,https://estesroofingtx.com/,(903) 707-2219,Tyler,TX
ASAP Roofing,https://asaproofing.com/,(903) 363-9160,Tyler,TX
Roofers in,https://allovertxroofing.com/,(281) 846-6665,Houston,TX
Residential &,https://www.hargroveroofing.com/,(888) 415-2299,Houston,TX
Reliable Pearland,https://shieldroofers.com/,(855) 880-7663,Houston,TX
Roofing Contractors,http://www.roofingcontractorshouston.com/,(281) 940-4525,Houston,TX
Houston Strong Roofing,https://houstonstrongroofing.com/,(832) 271-7783,Houston,TX
Linear Roofing General Contractors,https://linearroofing.com/,(888) 424-8280,Houston,TX
TeamCraft Commercial and Industrial,https://www.tcrfg.com/,(161) 793-2508,Houston,TX
Roofing Contractor,https://texanroofinginc.com/,(281) 391-9600,Houston,TX
Commercial and Industrial,https://www.centimark.com/,(855) 483-1975,Houston,TX
"Commercial Roofing, Residential Roofing, and Gutters and Carpentry in the Greater",https://houstonroofingngutters.com/,(832) 568-3400,Houston,TX
Paramount Roofing,https://paramountroofing.com/,(713) 748-4000,Houston,TX
Roofing and Roof Repairs,https://www.infinityroofer.com/,(281) 990-4997,Houston,TX
Roofer,https://rooferhouston.net/,(713) 597-7117,Houston,TX
Residential Roofing,https://www.dobsoncontractors.com/,(972) 992-5019,Dallas,TX
Roofer,https://thedallasroofers.com/,(469) 812-8500,Dallas,TX
IntegriBuilt Roofing,https://integribuiltroofing.com/,(972) 505-2800,Dallas,TX
Dallas #1,https://www.m-troofing.com/,(214) 388-4871,Dallas,TX
Trusted DFW & Rockwall,https://johnsroofingdfw.com/,(469) 394-4386,Dallas,TX
ROOFING COMPANY,https://www.rubinskyroofing.com/,(833) 876-6346,Dallas,TX
Dallas,https://acornroof.com/,(214) 437-7353,Dallas,TX
Nations Roof:,https://nationsroof.com/,(175) 603-9588,Dallas,TX
Texas Vets Roofing,https://texasvetsroofing.com/,(972) 288-7663,Dallas,TX
Home,https://weroofdallas.com/,(972) 600-8259,Dallas,TX
Klaus Roofing Systems Provides Expert Roof Repairs & New Roof Installations,https://www.klausroofingsystems.com/,(866) 365-2074,Dallas,TX
Kidd Roofing,https://www.kiddroof.com/,(866) 671-7791,Austin,TX
Comanche Roofing,https://www.comancheroofing.com/,(512) 796-9175,Austin,TX
Austin,https://amproofing.com/,(512) 675-3323,Austin,TX
Local & Affordable,https://fultsroofing.com/,(512) 383-5133,Austin,TX
Austin,https://transcendentroofing.com/,(512) 387-8448,Austin,TX
Central Texas Roofing,https://arkroofer.com/,(512) 948-1638,Austin,TX
Texas,https://texasroofrepair.com/,(512) 994-4142,Austin,TX
Roofing Contractor,https://texasroofers.com/,(877) 977-0277,Austin,TX
Austin,https://acuraroofing.com/,(512) 280-6875,Austin,TX
Presidio,https://presidioroof.com/,(210) 899-5600,San Antonio,TX
#1 Trusted,https://www.santexroofing.com/,(210) 520-9487,San Antonio,TX
Home,https://sanantoniotxroof.repair/,(210) 505-0070,San Antonio,TX
San Antonio,https://www.yurasroofing.com/,(210) 651-9249,San Antonio,TX
Residential Roofing Company,https://www.twinhammersroofing.com/,(210) 650-2090,San Antonio,TX
San Antonio,https://bondocroofing.com/,(210) 896-3209,San Antonio,TX
Home,https://rooferchicks.com/,(830) 254-5155,San Antonio,TX
Premier,https://joehallroofing.com/,(817) 274-6777,Fort Worth,TX
Storm Damage,https://txdroofing.com/,(817) 775-3540,Fort Worth,TX
Securedroofingftworth,https://securedroofingftworth.com/,(817) 217-6059,Fort Worth,TX
Roofing Company in Dallas TX,https://qualisgc.com/,(972) 284-7827,Fort Worth,TX
Roof Source,https://roofsourcedfw.com/,(817) 615-9971,Fort Worth,TX
Roofing,https://ferrisroofing.com/,(817) 595-0500,Fort Worth,TX
Home,https://metalroofingelpasotx.net/,(915) 900-6976,El Paso,TX
Roofing Company in,https://www.smithandramirezroofing.com/,(915) 900-2988,El Paso,TX
Escalante Roofing & Construction,https://escalanteroofing.com/,(915) 860-2672,El Paso,TX
Certified Commercial,https://rivasroofingep.com/,(915) 861-8354,El Paso,TX
Roofers,https://rooferselpaso.com/,(915) 820-5483,El Paso,TX
El Paso,https://roofsolutionsandconstruction.com/,(915) 691-7800,El Paso,TX
Rescue Roofing Texas ⋆ Rescue Roofing Texas,https://rescueroofingtexas.com/,(817) 550-7271,Arlington,TX
Trusted,https://swatroofing.com/,(817) 501-8660,Arlington,TX
Arlington's #1 Residential & Commercial,https://arlingtontxroofers.com/,(817) 631-6191,Arlington,TX
Roofing Contractor North Texas,https://www.banner-roofing.com/,(682) 207-1586,Arlington,TX
Arlington,https://www.frazierservices.com/,(817) 677-6664,Arlington,TX
Expert Roof Specialist for Your Roof,https://rhinoroofingco.com/,(469) 943-4995,Arlington,TX
"Roofing Company in Lewisville, TX",https://www.pineapplecontractors.com/,(972) 928-0788,Arlington,TX
"Roofing Services Alvord, TX",https://www.matthewsroofingllc.com/,(940) 627-0107,Arlington,TX
"Roofing Company, Roofing Contractor",https://myrooftop101.com/,(361) 400-5400,Corpus Christi,TX
Same-Day,https://www.lighthouseroofingcompany.com/,(361) 214-7447,Corpus Christi,TX
Wolfe Roofing Inc,https://www.wolferoofingcc.com/,(361) 949-1180,Corpus Christi,TX
Residential Roofing & Basement Waterproofing,https://eriehome.com/,(800) 998-8301,Corpus Christi,TX
Home,https://coastalroofingandconstruction.com/,(361) 290-7879,Corpus Christi,TX
No. 1,https://dynroofing.com/,(972) 422-4500,Plano,TX
The Leading,https://www.texasstarroofing.com/,(972) 509-7570,Plano,TX
Local & Family Owned,https://roofwhiterock.com/,(972) 362-9647,Plano,TX
"Plano, TX",https://helsleyroofing.com/,(972) 578-8982,Plano,TX
Home,https://blessedroof.com/,(214) 471-0756,Plano,TX
Pickle Roofing Solutions,https://pickleroofing.com/,(972) 954-7186,Plano,TX
Roofing Company,https://dwellroofing.com/,(972) 994-6386,Plano,TX
Plano,https://www.pappasroofingandconstruction.com/,(972) 806-9791,Plano,TX
Quality Roofing Installation in Flint,https://www.badbearroofing.com/,(903) 363-4140,Plano,TX
Olympic Exteriors,https://olympic-exteriors.com/,(214) 444-4141,Plano,TX
Roofing in,https://www.eagleroofingdfw.com/,(214) 952-0983,Plano,TX
Best,https://www.peakroofingconstruction.com/,(972) 335-7325,Plano,TX
Andrus Brothers Roofing,https://andrusbrothers.com/,(806) 798-7663,Lubbock,TX
Valdez Roofing,https://valdezroofingco.com/,(806) 680-2671,Lubbock,TX
Lubbock,https://abfroofinglubbock.com/,(806) 863-3626,Lubbock,TX
Commercial Roofing & Roof Design,https://hp-roofing.com/,(806) 686-7244,Lubbock,TX
Roofing Services,https://www.hartmanroofinglubbock.com/,(806) 615-0061,Lubbock,TX
Home,https://www.lubbockroofer.net/,(806) 570-0264,Lubbock,TX
Massie Roofing,https://www.massieroofing.com/,(806) 928-1971,Lubbock,TX
Lubbock,https://www.sharkeyroofing.com/,(806) 855-2080,Lubbock,TX
Fat Matt Roofing,https://www.fatmattroofing.com/,(325) 704-5139,Lubbock,TX
Laredo Roofing Solutions,https://laredoroofingsolutions.com/,(956) 774-7663,Laredo,TX
Laredo,https://www.laredo-roofing.com/,(956) 278-0497,Laredo,TX
Harlingen,https://txroofdoctors.com/,(956) 374-2179,Laredo,TX
Roofing Company,https://sunsetroofers.com/,(956) 307-6123,Laredo,TX
Texas Energy Pro,https://texasenergyexperts.com/,(213) 427-0570,Laredo,TX
Residential Roofing Company,https://www.coreyconstruction.net/,(888) 713-1766,Irving,TX
Acmeroofsystems,https://acmeroofsystems.com/,(817) 281-1150,Irving,TX
Anderson Industrial Roofing,https://www.andersonindustrialroofing.net/,(866) 949-8016,Irving,TX
National Building Restoration Company (Top 100,https://www.restoremastersllc.com/,(800) 277-6815,Irving,TX
Baker Roofing & Construction: Residential &,https://baker-roofing.com/,(866) 733-5834,Irving,TX
Roofing Contractors,https://www.signatureroofing.net/,(888) 997-2073,Irving,TX
Artisan Roofing & Solar,https://acsroofing.net/,(972) 854-9212,Irving,TX
Elite Roofing and Consulting,https://eliteroofingandconsulting.com/,(469) 337-3995,Irving,TX
Garland,https://www.peacockroofing.com/,(972) 362-4166,Garland,TX
Fifty Years of quality work,https://www.garlandroofing.com/,(972) 278-1711,Garland,TX
Premier,https://www.premierroofinggarland.com/,(214) 935-5357,Garland,TX
"Dallas, TX's Trusted",https://www.spyderroofing.com/,(972) 704-6524,Garland,TX
Commercial Roofing & Building Envelope Systems,https://www.garlandco.com/,(177) 277-4203,Garland,TX
Garland Texas,https://garlandresidentialroofing.com/,(877) 772-7581,Garland,TX
Danco Roofing,https://dancoroofing.com/,(972) 276-0063,Garland,TX
Texas Plains Roofing & Exterior Contractor in,https://www.texasplainscos.com/,(806) 419-1500,Amarillo,TX
Accent Roofing of,https://www.accentroofingamarillo.com/,(806) 457-1777,Amarillo,TX
Venture Roofing & Construction,https://ventureroofco.com/,(806) 910-8104,Amarillo,TX
Roofing Company in,https://roofsmithconstruction.com/,(806) 622-9501,Amarillo,TX
True South Roofing,https://www.truesouthroofing.net/,(806) 663-6602,Amarillo,TX
Amarillo Roofing Experts,https://www.priceroofingco.com/,(806) 353-3389,Amarillo,TX
T&S Roofing,https://www.tsroofs.com/,(205) 413-5103,Amarillo,TX
Homepage,https://www.hartmanroofing.com/,(806) 372-8510,Amarillo,TX
Roofing Company in Northglenn,https://www.awaltconstruction.com/,(303) 647-4006,Grand Prairie,TX
Roofing Contractor,https://www.salinasroofingflooring.com/,(469) 558-9238,Grand Prairie,TX
Roofing Company in,https://www.bluenailroofing.com/,(855) 255-1975,Grand Prairie,TX
Paradigm Roof+Shield,https://paradigmroofs.com/,(972) 542-7774,McKinney,TX
NWC General Construction,https://nwcgeneralconstruction.com/,(877) 871-7663,McKinney,TX
Lowry,https://www.lowryroofingco.com/,(469) 412-4364,McKinney,TX
Roofing OnTop & Construction,https://www.roofingontop.com/,(155) 598-8494,McKinney,TX
Mckinney Roofing,https://mckinneyroofs.com/,(844) 637-0554,McKinney,TX
Roofing Contractors,https://www.actnowroofing.com/,(855) 979-7871,McKinney,TX
McKinney,https://www.choiceroofingcare.com/,(469) 966-6422,McKinney,TX
Mike Huddleston Roofing Systems,https://www.mhhroofing.com/,(817) 859-7951,McKinney,TX
Shamrock,https://shamrockroofer.com/,(913) 850-6556,McKinney,TX
"Touchstone Roofing, LLC",https://www.touchstoneroofing.com/,(972) 418-2992,McKinney,TX
Final Cut Roofing and Construction Company in,https://finalcutroofing.com/,(888) 618-3271,Frisco,TX
Trusted Local Texas,https://constructionwithintegrity.com/,(972) 836-9196,Frisco,TX
Home,https://designerroofing.com/,(972) 644-6556,Frisco,TX
Frisco Roof Repairs,https://www.friscoroofrepairs.com/,(494) 653-2642,Frisco,TX
Roof Repair Company,https://proficientroofing.com/,(214) 842-1064,Frisco,TX
Firehouse Roofing,https://firehouseroofing.com/,(214) 888-3152,Frisco,TX
Roof Fix Houston: Houston Roofing & Remodeling Experts,https://rooffixhouston.com/,(713) 904-3904,Pasadena,TX
Roof and Gutter Contractor,https://www.allprogutterservice.net/,(141) 650-3315,Pasadena,TX
Roofers,https://www.bayarearoofersinc.com/,(281) 482-1200,Pasadena,TX
Integrity Storm Experts: Roofing & Restoration Services,https://integritystormexperts.com/,(832) 324-5182,Pasadena,TX
"Roofing Contractor in Webster, Texas",https://waboroofing.com/,(855) 557-6634,Pasadena,TX
Alltex Roofing Systems,https://www.alltexroofingsystems.com/,(972) 740-8602,Pasadena,TX
Residential &,https://www.omegaroofingpros.com/,(832) 259-0830,Pasadena,TX
Local Owned,https://meisroofing.com/,(817) 735-9031,Pasadena,TX
McAllen TX,https://mcallenroofing.com/,(956) 622-5948,McAllen,TX
McAllen,https://www.mcallen-roofing.com/,(956) 540-5234,McAllen,TX
McAllen TX,https://roofingmcallencompany.com/,(956) 253-1085,McAllen,TX
McAllen Roofing Supply & Roof Materials,https://budgetroofingsupply.com/,(956) 616-4840,McAllen,TX
Roofing Company,https://www.castexroofingco.com/,(254) 749-1579,Killeen,TX
Roofing Services in,https://www.canopyroofingtexas.com/,(254) 249-4056,Killeen,TX
Roam Roof and Solar,https://roamroof.com/,(254) 877-7663,Killeen,TX
Parsons,https://www.parsonsroofing.com/,(877) 881-1733,Killeen,TX
Texas,https://mammothroofs.com/,(210) 750-4481,Killeen,TX
Home,https://roofingamericaco.com/,(262) 396-6530,Waco,TX
Best Roofing & Remodeling,https://bestroofingremodeling.com/,(254) 732-2400,Waco,TX
XR Roofing and Contracting,https://xrroofing.com/,(214) 509-7663,Carrollton,TX
Roofing Service,https://www.bcroof.com/,(972) 306-0215,Carrollton,TX
Hawkins,https://hawkinsresidentialroofing.com/,(866) 601-8663,Carrollton,TX
Blue Roofing,https://roof.blue/,(214) 865-6256,Carrollton,TX
Premier North Dallas,https://elevatedroofing.com/,(469) 305-0010,Carrollton,TX
"Roofing Contractor in Fort Worth, TX",https://veteranbros.com/,(817) 663-1258,Carrollton,TX
General Construction Contractor in,https://www.tristarbuilt.com/,(940) 381-2222,Denton,TX
Denton Trinity Roofing,https://dentontrinityroofing.com/,(940) 382-0664,Denton,TX
Roofing Contractor in,https://www.texaslegacygc.com/,(817) 409-4239,Denton,TX
RCS Roofing & Sheet Metal,https://rcsroofingandmetal.com/,(940) 514-1161,Denton,TX
Thedentonroofingcompany,https://www.thedentonroofingcompany.com/,(229) 140-6153,Denton,TX
Denton Roofing,https://www.cfdiscountroofing.com/,(940) 808-0289,Denton,TX
Denton,https://www.dentonroofingrepair.com/,(941) 266-5099,Denton,TX
Roofing Company in,http://www.roofingmidlandtx.net/,(992) 844-7723,Midland,TX
"Roofing Contractor in Plano, TX",https://proclaimroof.com/,(972) 984-7663,Midland,TX
Roofing Contractor in,https://midlandroofingpros.com/,(432) 286-7876,Midland,TX
Kent Elliott Roofing,https://www.kentelliottroofing.com/,(325) 655-2800,Abilene,TX
Roofing Contractor,https://texashomesroofing.com/,(325) 676-2481,Abilene,TX
Roofing Contractor for Home and Business,https://roofsbypeak.com/,(325) 208-1457,Abilene,TX
Roofing Company in,https://chaddodsonroofing.com/,(325) 428-6222,Abilene,TX
The Third,https://roofingcompanyabilene.com/,(325) 216-4092,Abilene,TX
"Lubbock, Midland, Amarillo",https://maverickroofing.com/,(806) 705-8373,Abilene,TX
Andy's Roofing,https://www.andysroofingabilene.com/,(325) 669-4277,Abilene,TX
Residential &,https://rhinoroofsystems.com/,(325) 695-1000,Abilene,TX
Roof Installation & Repair,https://www.beaumont-roofing.com/,(141) 650-3315,Beaumont,TX
Home,https://metalroofingbeaumont.com/,(409) 245-7031,Beaumont,TX
Texas,https://eliteroofingsolutions.com/,(281) 741-5924,Beaumont,TX
"M&M Roofing: Trusted, Affordable",https://mmroofsiding.com/,(800) 352-3933,Beaumont,TX
Roofing Contractor in,https://beaumontroofingpros.com/,(409) 302-0230,Beaumont,TX
Monument Roofing Systems| Discover Expert Solutions,https://www.monumentgreenroof.com/,(409) 860-9343,Beaumont,TX
Residential &,https://acesiding.net/,(409) 860-4333,Beaumont,TX
Beaumont Premier Roofing​,https://beaumontroofing.org/,(409) 245-6284,Beaumont,TX
Roofing Contractor Lumberton TX,https://coastalroofingspecialists.com/,(409) 751-5454,Beaumont,TX
Roofers,https://www.poperoofing.com/,(409) 200-8234,Beaumont,TX
Roof Builders & Roof Repairs,https://www.beaumonttxroofers.com/,(409) 203-7936,Beaumont,TX
Fresh Era Roofing,https://www.fresheraroofing.com/,(346) 443-5413,Beaumont,TX
Mandex,https://www.mandex.biz/,(616) 842-4500,Beaumont,TX
Roofing,https://www.gandmroofing.com/,(432) 550-2700,Odessa,TX
Local,https://www.texasroofsystems.com/,(432) 580-7993,Odessa,TX
Huf Roofing & Construction,https://hufconstruction.com/,(218) 126-6792,Odessa,TX
Local,https://roofingpb.com/,(432) 853-7270,Odessa,TX
Round Rock,https://www.hallroofing.com/,(512) 967-0823,Round Rock,TX
RoofCrafters,https://www.roofcrafters.com/,(888) 920-9835,Round Rock,TX
Alpha Roofing Industries,https://www.alpharoofingtexas.com/,(512) 777-1086,Round Rock,TX
Aurum Roofing,https://aurumroofing.com/,(737) 305-2955,Round Rock,TX
Callkangaroof,https://callkangaroof.com/,(512) 388-7663,Round Rock,TX
BesTex,https://roundrocktxroofrepair.com/,(833) 766-3748,Round Rock,TX
Pflugerville,https://dynamiteroof.com/,(512) 505-8008,Round Rock,TX
Triple R Roofing,https://www.triplerroofingroundrock.com/,(512) 645-1833,Round Rock,TX
